Ülke,Tarih,ISSIZLIK,TUFE,SURETIM,ISFAIZ
ABD,2000-01-01,4.0,169.3,91.538,5.95
ABD,2000-02-01,4.1,170.0,91.8239,6.01
ABD,2000-03-01,4.0,171.0,92.1504,6.14
ABD,2000-04-01,3.8,170.9,92.6989,6.28
ABD,2000-05-01,4.0,171.2,92.9499,6.71
ABD,2000-06-01,4.0,172.2,92.9862,6.73
ABD,2000-07-01,4.0,172.7,92.8048,6.67
ABD,2000-08-01,4.1,172.7,92.5521,6.61
ABD,2000-09-01,3.9,173.6,92.9792,6.6
ABD,2000-10-01,3.9,173.9,92.6179,6.67
ABD,2000-11-01,3.9,174.2,92.6438,6.65
ABD,2000-12-01,3.9,174.6,92.3415,6.45
ABD,2001-01-01,4.2,175.6,91.902,5.62
ABD,2001-02-01,4.2,176.0,91.3034,5.26
ABD,2001-03-01,4.3,176.1,91.1162,4.89
ABD,2001-04-01,4.4,176.4,90.7891,4.53
ABD,2001-05-01,4.3,177.3,90.3555,4.02
ABD,2001-06-01,4.5,177.7,89.8784,3.74
ABD,2001-07-01,4.6,177.4,89.3028,3.66
ABD,2001-08-01,4.9,177.4,89.2003,3.48
ABD,2001-09-01,5.0,178.1,88.7485,2.87
ABD,2001-10-01,5.3,177.6,88.5052,2.31
ABD,2001-11-01,5.5,177.5,87.97,2.03
ABD,2001-12-01,5.7,177.4,87.9324,1.83
ABD,2002-01-01,5.7,177.7,88.5176,1.74
ABD,2002-02-01,5.7,178.0,88.5278,1.82
ABD,2002-03-01,5.7,178.5,89.1686,1.91
ABD,2002-04-01,5.9,179.3,89.604,1.87
ABD,2002-05-01,5.8,179.5,89.964,1.82
ABD,2002-06-01,5.8,179.6,90.7061,1.81
ABD,2002-07-01,5.8,180.0,90.6769,1.79
ABD,2002-08-01,5.7,180.5,90.5762,1.73
ABD,2002-09-01,5.7,180.8,90.6531,1.76
ABD,2002-10-01,5.7,181.2,90.4643,1.73
ABD,2002-11-01,5.9,181.5,90.9711,1.39
ABD,2002-12-01,6.0,181.8,90.4652,1.34
ABD,2003-01-01,5.8,182.6,91.2361,1.29
ABD,2003-02-01,5.9,183.6,91.3445,1.27
ABD,2003-03-01,5.9,183.9,91.1044,1.23
ABD,2003-04-01,6.0,183.2,90.5617,1.24
ABD,2003-05-01,6.1,182.9,90.537,1.22
ABD,2003-06-01,6.3,183.1,90.6527,1.04
ABD,2003-07-01,6.2,183.7,91.1185,1.05
ABD,2003-08-01,6.1,184.5,90.9197,1.08
ABD,2003-09-01,6.1,185.1,91.5059,1.08
ABD,2003-10-01,6.0,184.9,91.6186,1.1
ABD,2003-11-01,5.8,185.0,92.2329,1.11
ABD,2003-12-01,5.7,185.5,92.2602,1.1
ABD,2004-01-01,5.7,186.3,92.4006,1.06
ABD,2004-02-01,5.6,186.7,92.958,1.05
ABD,2004-03-01,5.8,187.1,92.5861,1.05
ABD,2004-04-01,5.6,187.4,92.93,1.08
ABD,2004-05-01,5.6,188.2,93.6013,1.2
ABD,2004-06-01,5.6,188.9,92.871,1.46
ABD,2004-07-01,5.5,189.1,93.5649,1.57
ABD,2004-08-01,5.4,189.2,93.6277,1.68
ABD,2004-09-01,5.4,189.8,93.7467,1.86
ABD,2004-10-01,5.5,190.8,94.5465,2.04
ABD,2004-11-01,5.4,191.7,94.7813,2.26
ABD,2004-12-01,5.4,191.7,95.5365,2.45
ABD,2005-01-01,5.3,191.6,95.8801,2.61
ABD,2005-02-01,5.4,192.4,96.5761,2.77
ABD,2005-03-01,5.2,193.1,96.4456,2.97
ABD,2005-04-01,5.2,193.7,96.6532,3.09
ABD,2005-05-01,5.1,193.6,96.7402,3.22
ABD,2005-06-01,5.0,193.7,97.1753,3.38
ABD,2005-07-01,5.0,194.9,96.8676,3.57
ABD,2005-08-01,4.9,196.1,97.1833,3.77
ABD,2005-09-01,5.0,198.8,95.3005,3.87
ABD,2005-10-01,5.0,199.1,96.4572,4.13
ABD,2005-11-01,5.0,198.1,97.5414,4.31
ABD,2005-12-01,4.9,198.1,98.0452,4.45
ABD,2006-01-01,4.7,199.3,98.1999,4.56
ABD,2006-02-01,4.8,199.4,98.2413,4.72
ABD,2006-03-01,4.7,199.7,98.4628,4.88
ABD,2006-04-01,4.7,200.7,98.7618,5.03
ABD,2006-05-01,4.6,201.3,98.7869,5.15
ABD,2006-06-01,4.6,201.8,99.0997,5.35
ABD,2006-07-01,4.7,202.9,99.0489,5.46
ABD,2006-08-01,4.7,203.8,99.4836,5.38
ABD,2006-09-01,4.5,202.8,99.3183,5.34
ABD,2006-10-01,4.4,201.9,99.2044,5.33
ABD,2006-11-01,4.5,202.0,99.1627,5.32
ABD,2006-12-01,4.4,203.1,100.1735,5.32
ABD,2007-01-01,4.6,203.437,99.8346,5.32
ABD,2007-02-01,4.5,204.226,100.7753,5.31
ABD,2007-03-01,4.4,205.288,100.9547,5.3
ABD,2007-04-01,4.5,205.904,101.6334,5.31
ABD,2007-05-01,4.4,206.755,101.7306,5.31
ABD,2007-06-01,4.6,207.234,101.7893,5.33
ABD,2007-07-01,4.7,207.603,101.6672,5.32
ABD,2007-08-01,4.6,207.667,101.863,5.49
ABD,2007-09-01,4.7,208.547,102.0894,5.46
ABD,2007-10-01,4.7,209.19,101.8015,5.08
ABD,2007-11-01,4.7,210.834,102.3446,4.97
ABD,2007-12-01,5.0,211.445,102.3803,5.02
ABD,2008-01-01,5.0,212.174,102.2448,3.84
ABD,2008-02-01,4.9,212.687,101.8438,3.06
ABD,2008-03-01,5.1,213.448,101.5336,2.79
ABD,2008-04-01,5.0,213.942,100.8785,2.85
ABD,2008-05-01,5.4,215.208,100.2674,2.66
ABD,2008-06-01,5.6,217.463,100.0335,2.76
ABD,2008-07-01,5.8,219.016,99.676,2.79
ABD,2008-08-01,6.1,218.69,98.1111,2.79
ABD,2008-09-01,6.1,218.877,93.7895,3.59
ABD,2008-10-01,6.5,216.995,94.7219,4.32
ABD,2008-11-01,6.8,213.153,93.4715,2.36
ABD,2008-12-01,7.3,211.398,90.8357,1.77
ABD,2009-01-01,7.8,211.933,88.57,1.02
ABD,2009-02-01,8.3,212.705,88.031,1.16
ABD,2009-03-01,8.7,212.495,86.6528,1.07
ABD,2009-04-01,9.0,212.709,85.9344,0.89
ABD,2009-05-01,9.4,213.022,85.0665,0.57
ABD,2009-06-01,9.5,214.79,84.7459,0.39
ABD,2009-07-01,9.5,214.726,85.7027,0.35
ABD,2009-08-01,9.6,215.445,86.6426,0.3
ABD,2009-09-01,9.8,215.861,87.4063,0.25
ABD,2009-10-01,10.0,216.509,87.6419,0.24
ABD,2009-11-01,9.9,217.234,88.0221,0.21
ABD,2009-12-01,9.9,217.347,88.3793,0.22
ABD,2010-01-01,9.8,217.488,89.3426,0.2
ABD,2010-02-01,9.8,217.281,89.6779,0.19
ABD,2010-03-01,9.9,217.353,90.2928,0.23
ABD,2010-04-01,9.9,217.403,90.5991,0.3
ABD,2010-05-01,9.6,217.29,91.823,0.45
ABD,2010-06-01,9.4,217.199,91.9928,0.52
ABD,2010-07-01,9.4,217.605,92.3421,0.41
ABD,2010-08-01,9.5,217.923,92.6805,0.32
ABD,2010-09-01,9.5,218.275,92.9537,0.28
ABD,2010-10-01,9.4,219.035,92.6903,0.27
ABD,2010-11-01,9.8,219.59,92.7709,0.27
ABD,2010-12-01,9.3,220.472,93.6787,0.3
ABD,2011-01-01,9.1,221.187,93.4814,0.29
ABD,2011-02-01,9.0,221.898,93.1102,0.28
ABD,2011-03-01,9.0,223.046,94.0788,0.28
ABD,2011-04-01,9.1,224.093,93.7749,0.23
ABD,2011-05-01,9.0,224.806,93.888,0.21
ABD,2011-06-01,9.1,224.806,94.172,0.22
ABD,2011-07-01,9.0,225.395,94.636,0.24
ABD,2011-08-01,9.0,226.106,95.2749,0.29
ABD,2011-09-01,9.0,226.597,95.1961,0.33
ABD,2011-10-01,8.8,226.75,95.8568,0.37
ABD,2011-11-01,8.6,227.169,95.8485,0.41
ABD,2011-12-01,8.5,227.223,96.3571,0.49
ABD,2012-01-01,8.3,227.842,96.9318,0.4
ABD,2012-02-01,8.3,228.329,97.2435,0.3
ABD,2012-03-01,8.2,228.807,96.74,0.29
ABD,2012-04-01,8.2,229.187,97.4359,0.29
ABD,2012-05-01,8.2,228.713,97.6609,0.29
ABD,2012-06-01,8.2,228.524,97.6663,0.32
ABD,2012-07-01,8.2,228.59,97.8713,0.3
ABD,2012-08-01,8.1,229.918,97.4525,0.26
ABD,2012-09-01,7.8,231.015,97.381,0.24
ABD,2012-10-01,7.8,231.638,97.7193,0.23
ABD,2012-11-01,7.7,231.249,98.0777,0.23
ABD,2012-12-01,7.9,231.221,98.3101,0.24
ABD,2013-01-01,8.0,231.679,98.3342,0.23
ABD,2013-02-01,7.7,232.937,98.7941,0.22
ABD,2013-03-01,7.5,232.282,99.1921,0.21
ABD,2013-04-01,7.6,231.797,99.1065,0.2
ABD,2013-05-01,7.5,231.893,99.1839,0.2
ABD,2013-06-01,7.5,232.445,99.3897,0.19
ABD,2013-07-01,7.3,232.9,99.0814,0.14
ABD,2013-08-01,7.2,233.456,99.6543,0.12
ABD,2013-09-01,7.2,233.544,100.161,0.11
ABD,2013-10-01,7.2,233.669,100.082,0.12
ABD,2013-11-01,6.9,234.1,100.3158,0.12
ABD,2013-12-01,6.7,234.719,100.5175,0.14
ABD,2014-01-01,6.6,235.288,100.1599,0.12
ABD,2014-02-01,6.7,235.547,100.9168,0.13
ABD,2014-03-01,6.7,236.028,101.8942,0.12
ABD,2014-04-01,6.2,236.468,101.9928,0.12
ABD,2014-05-01,6.3,236.918,102.3836,0.11
ABD,2014-06-01,6.1,237.231,102.735,0.11
ABD,2014-07-01,6.2,237.498,102.9632,0.13
ABD,2014-08-01,6.1,237.46,102.7688,0.13
ABD,2014-09-01,5.9,237.477,103.0641,0.12
ABD,2014-10-01,5.7,237.43,103.0764,0.12
ABD,2014-11-01,5.8,236.983,103.7126,0.13
ABD,2014-12-01,5.6,236.252,103.7044,0.15
ABD,2015-01-01,5.7,234.747,102.8905,0.16
ABD,2015-02-01,5.5,235.342,102.2335,0.15
ABD,2015-03-01,5.4,235.976,101.8914,0.14
ABD,2015-04-01,5.4,236.222,101.3355,0.13
ABD,2015-05-01,5.6,237.001,100.8883,0.15
ABD,2015-06-01,5.3,237.657,100.571,0.18
ABD,2015-07-01,5.2,238.034,101.2228,0.19
ABD,2015-08-01,5.1,238.033,101.0367,0.26
ABD,2015-09-01,5.0,237.498,100.7547,0.27
ABD,2015-10-01,5.0,237.733,100.2675,0.25
ABD,2015-11-01,5.1,238.017,99.5298,0.3
ABD,2015-12-01,5.0,237.761,99.0417,0.54
ABD,2016-01-01,4.8,237.652,99.5607,0.57
ABD,2016-02-01,4.9,237.336,99.0445,0.54
ABD,2016-03-01,5.0,238.08,98.3096,0.55
ABD,2016-04-01,5.1,238.992,98.6421,0.55
ABD,2016-05-01,4.8,239.557,98.4184,0.57
ABD,2016-06-01,4.9,240.222,98.8833,0.55
ABD,2016-07-01,4.8,240.101,98.9992,0.62
ABD,2016-08-01,4.9,240.545,98.85,0.73
ABD,2016-09-01,5.0,241.176,98.7457,0.75
ABD,2016-10-01,4.9,241.741,98.7611,0.72
ABD,2016-11-01,4.7,242.026,98.3491,0.71
ABD,2016-12-01,4.7,242.637,99.0214,0.87
ABD,2017-01-01,4.7,243.618,98.7611,0.9
ABD,2017-02-01,4.6,244.006,98.3646,0.87
ABD,2017-03-01,4.4,243.892,99.0137,0.98
ABD,2017-04-01,4.4,244.193,100.0224,1.03
ABD,2017-05-01,4.4,244.004,100.1408,1.05
ABD,2017-06-01,4.3,244.163,100.3471,1.16
ABD,2017-07-01,4.3,244.243,100.1068,1.22
ABD,2017-08-01,4.4,245.183,99.6925,1.25
ABD,2017-09-01,4.3,246.435,99.7954,1.25
ABD,2017-10-01,4.2,246.626,101.0247,1.26
ABD,2017-11-01,4.2,247.284,101.2664,1.32
ABD,2017-12-01,4.1,247.805,101.4644,1.54
ABD,2018-01-01,4.0,248.859,101.4625,1.63
ABD,2018-02-01,4.1,249.529,101.7085,1.78
ABD,2018-03-01,4.0,249.577,102.2067,2.08
ABD,2018-04-01,4.0,250.227,103.3329,2.2
ABD,2018-05-01,3.8,250.792,102.4024,2.16
ABD,2018-06-01,4.0,251.018,103.198,2.19
ABD,2018-07-01,3.8,251.214,103.3646,2.17
ABD,2018-08-01,3.8,251.663,104.0327,2.19
ABD,2018-09-01,3.7,252.182,104.1004,2.24
ABD,2018-10-01,3.8,252.772,103.9856,2.37
ABD,2018-11-01,3.8,252.594,104.0681,2.56
ABD,2018-12-01,3.9,252.767,104.0936,2.69
ABD,2019-01-01,4.0,252.561,103.4021,2.59
ABD,2019-02-01,3.8,253.319,102.8371,2.49
ABD,2019-03-01,3.8,254.277,102.8757,2.48
ABD,2019-04-01,3.7,255.233,102.274,2.47
ABD,2019-05-01,3.6,255.296,102.392,2.44
ABD,2019-06-01,3.6,255.213,102.4375,2.3
ABD,2019-07-01,3.7,255.802,101.9408,2.22
ABD,2019-08-01,3.6,256.036,102.639,2.06
ABD,2019-09-01,3.5,256.43,102.2917,2.03
ABD,2019-10-01,3.6,257.155,101.4281,1.88
ABD,2019-11-01,3.6,257.879,101.9372,1.77
ABD,2019-12-01,3.6,258.63,101.7003,1.76
ABD,2020-01-01,3.6,259.127,101.0338,1.65
ABD,2020-02-01,3.5,259.25,101.3735,1.59
ABD,2020-03-01,4.4,258.076,97.4078,1.35
ABD,2020-04-01,14.8,256.032,84.5619,
ABD,2020-05-01,13.2,255.802,85.9604,0.17
ABD,2020-06-01,11.0,257.042,91.5934,0.2
ABD,2020-07-01,10.2,258.352,95.0256,0.18
ABD,2020-08-01,8.4,259.316,95.9549,0.15
ABD,2020-09-01,7.8,259.997,95.9669,0.13
ABD,2020-10-01,6.9,260.319,96.7394,0.12
ABD,2020-11-01,6.7,260.911,97.0816,0.16
ABD,2020-12-01,6.7,262.045,98.363,0.17
ABD,2021-01-01,6.4,262.687,98.8822,
ABD,2021-02-01,6.2,263.579,95.6149,
ABD,2021-03-01,6.1,264.961,98.3856,
ABD,2021-04-01,6.1,266.614,98.5587,
ABD,2021-05-01,5.8,268.383,99.4333,
ABD,2021-06-01,5.9,270.654,99.7987,
ABD,2021-07-01,5.4,271.903,100.2519,
ABD,2021-08-01,5.1,272.676,100.0437,
ABD,2021-09-01,4.7,273.91,98.8579,
ABD,2021-10-01,4.5,276.55,100.1861,
ABD,2021-11-01,4.1,278.919,100.8654,
ABD,2021-12-01,3.9,280.845,100.5726,
ABD,2022-01-01,4.0,282.543,100.1856,
ABD,2022-02-01,3.9,284.5,100.8064,
ABD,2022-03-01,3.7,287.674,101.3907,
ABD,2022-04-01,3.7,288.561,101.44,
ABD,2022-05-01,3.6,291.298,101.3335,
ABD,2022-06-01,3.6,294.957,101.018,
ABD,2022-07-01,3.5,294.913,101.223,
ABD,2022-08-01,3.6,295.097,101.0963,
ABD,2022-09-01,3.5,296.349,101.2918,
ABD,2022-10-01,3.6,298.007,101.2529,
ABD,2022-11-01,3.6,298.786,100.9552,
ABD,2022-12-01,3.5,298.832,99.7664,
ABD,2023-01-01,3.5,300.42,100.505,
ABD,2023-02-01,3.6,301.45,100.6416,
ABD,2023-03-01,3.5,301.821,101.0205,
ABD,2023-04-01,3.4,302.845,101.253,
ABD,2023-05-01,3.6,303.334,100.9286,
ABD,2023-06-01,3.6,304.014,100.1196,
ABD,2023-07-01,3.5,304.609,100.9067,
ABD,2023-08-01,3.7,306.082,100.8393,
ABD,2023-09-01,3.7,307.276,101.0211,
ABD,2023-10-01,3.9,307.696,100.4689,
ABD,2023-11-01,3.7,308.148,100.8639,
ABD,2023-12-01,3.8,308.741,100.6031,
ABD,2024-01-01,3.7,309.698,99.2223,
ABD,2024-02-01,3.9,310.967,100.285,
ABD,2024-03-01,3.9,312.345,100.4575,
ABD,2024-04-01,3.9,313.023,100.2434,
ABD,2024-05-01,3.9,313.175,100.863,
ABD,2024-06-01,4.1,313.044,100.894,
ABD,2024-07-01,4.2,313.569,99.9757,
ABD,2024-08-01,4.2,314.062,100.4309,
ABD,2024-09-01,4.1,314.732,99.8084,
ABD,2024-10-01,4.1,315.631,99.4695,
ABD,2024-11-01,4.2,316.528,99.2925,
ABD,2024-12-01,4.1,317.604,100.3273,
Almanya,2000-01-01,8.2,75.392251,79.15593,3.343143
Almanya,2000-02-01,8.1,75.480739,80.89562,3.536762
Almanya,2000-03-01,8.1,75.480739,80.79897,3.747043
Almanya,2000-04-01,8.0,75.480739,81.95876,3.925278
Almanya,2000-05-01,8.0,75.392251,83.89175,4.362045
Almanya,2000-06-01,8.0,75.746205,81.47552,4.501727
Almanya,2000-07-01,7.9,76.100159,83.50516,4.582905
Almanya,2000-08-01,7.9,75.923182,83.9884,4.777087
Almanya,2000-09-01,7.9,76.100159,84.08505,4.85281
Almanya,2000-10-01,7.8,76.011671,83.7951,5.041273
Almanya,2000-11-01,7.8,76.100159,84.1817,5.091955
Almanya,2000-12-01,7.7,76.719579,84.5683,4.939158
Almanya,2001-01-01,7.7,76.454113,84.27835,4.770727
Almanya,2001-02-01,7.7,76.896556,85.24484,4.7558
Almanya,2001-03-01,7.6,76.896556,84.1817,4.708636
Almanya,2001-04-01,7.6,77.25051,83.11855,4.682
Almanya,2001-05-01,7.7,77.515976,83.89175,4.636682
Almanya,2001-06-01,7.7,77.604465,83.7951,4.453571
Almanya,2001-07-01,7.8,77.692953,81.66882,4.467136
Almanya,2001-08-01,7.8,77.515976,83.89175,4.353522
Almanya,2001-09-01,7.9,77.515976,82.73196,3.98285
Almanya,2001-10-01,8.0,77.427488,81.18557,3.59987
Almanya,2001-11-01,8.0,77.25051,80.41237,3.385682
Almanya,2001-12-01,8.1,77.958419,81.28222,3.344889
Almanya,2002-01-01,8.1,78.046907,81.08892,3.338773
Almanya,2002-02-01,8.2,78.312373,81.28222,3.3571
Almanya,2002-03-01,8.2,78.48935,81.76546,3.3908
Almanya,2002-04-01,8.3,78.400862,81.95876,3.406905
Almanya,2002-05-01,8.4,78.48935,81.28222,3.467136
Almanya,2002-06-01,8.5,78.48935,82.92525,3.464
Almanya,2002-07-01,8.6,78.577839,81.66882,3.41
Almanya,2002-08-01,8.7,78.48935,83.40851,3.351909
Almanya,2002-09-01,8.9,78.48935,82.63531,3.310143
Almanya,2002-10-01,9.0,78.400862,81.95876,3.261261
Almanya,2002-11-01,9.1,78.135396,83.0219,3.124143
Almanya,2002-12-01,9.2,78.843304,81.66882,2.94105
Almanya,2003-01-01,9.4,78.843304,82.44201,2.831818
Almanya,2003-02-01,9.5,79.285747,82.73196,2.68745
Almanya,2003-03-01,9.6,79.374236,82.73196,2.529952
Almanya,2003-04-01,9.7,79.10877,82.44201,2.53335
Almanya,2003-05-01,9.7,78.931793,81.95876,2.400524
Almanya,2003-06-01,9.8,79.197259,81.47552,2.151857
Almanya,2003-07-01,9.8,79.374236,83.0219,2.130043
Almanya,2003-08-01,9.8,79.374236,81.37887,2.140429
Almanya,2003-09-01,9.8,79.285747,80.89562,2.147318
Almanya,2003-10-01,9.8,79.285747,83.11855,2.143565
Almanya,2003-11-01,9.8,79.10877,83.69846,2.15905
Almanya,2003-12-01,9.8,79.72819,84.08505,2.146333
Almanya,2004-01-01,9.8,79.72819,84.1817,2.089476
Almanya,2004-02-01,10.1,79.905167,84.375,2.07055
Almanya,2004-03-01,10.3,80.170633,83.69846,2.028826
Almanya,2004-04-01,10.3,80.436098,84.9549,2.04875
Almanya,2004-05-01,10.3,80.613076,85.63145,2.085857
Almanya,2004-06-01,10.3,80.613076,84.9549,2.112682
Almanya,2004-07-01,10.3,80.790053,86.11469,2.116045
Almanya,2004-08-01,10.4,80.878541,85.24484,2.114273
Almanya,2004-09-01,10.4,80.701564,85.05154,2.118591
Almanya,2004-10-01,10.5,80.790053,86.11469,2.147333
Almanya,2004-11-01,10.6,80.613076,84.66495,2.170318
Almanya,2004-12-01,10.7,81.497961,84.7616,2.173174
Almanya,2005-01-01,10.7,80.878541,86.59794,2.145429
Almanya,2005-02-01,10.9,81.232495,85.63145,2.13835
Almanya,2005-03-01,10.9,81.58645,86.59794,2.13719
Almanya,2005-04-01,11.2,81.409473,87.17783,2.137238
Almanya,2005-05-01,11.2,81.58645,86.21134,2.125636
Almanya,2005-06-01,11.2,81.674938,87.95103,2.111045
Almanya,2005-07-01,11.2,82.028892,89.11082,2.119429
Almanya,2005-08-01,11.2,82.117381,86.79124,2.132478
Almanya,2005-09-01,11.1,82.20587,88.82088,2.139136
Almanya,2005-10-01,11.0,82.294358,90.46392,2.196619
Almanya,2005-11-01,10.9,82.028892,89.59407,2.360864
Almanya,2005-12-01,10.7,82.648312,89.59407,2.472857
Almanya,2006-01-01,10.6,82.382847,90.56057,2.511682
Almanya,2006-02-01,10.5,82.736801,90.75387,2.60035
Almanya,2006-03-01,10.5,82.736801,89.88402,2.722609
Almanya,2006-04-01,10.3,83.002267,91.72036,2.793778
Almanya,2006-05-01,10.2,83.002267,92.59021,2.889
Almanya,2006-06-01,10.1,83.179244,92.30025,2.985682
Almanya,2006-07-01,10.0,83.533198,93.84665,3.10219
Almanya,2006-08-01,9.9,83.356221,94.3299,3.226478
Almanya,2006-09-01,9.8,83.090755,94.03995,3.335381
Almanya,2006-10-01,9.7,83.179244,93.65335,3.502
Almanya,2006-11-01,9.6,83.179244,95.29639,3.597182
Almanya,2006-12-01,9.4,83.798664,96.16624,3.684211
Almanya,2007-01-01,9.2,83.798664,95.87629,3.751864
Almanya,2007-02-01,9.1,84.152618,96.74613,3.8182
Almanya,2007-03-01,8.9,84.329595,97.22938,3.890909
Almanya,2007-04-01,8.7,84.772038,96.45618,3.975263
Almanya,2007-05-01,8.6,84.772038,98.19588,4.071364
Almanya,2007-06-01,8.5,84.772038,98.38918,4.147762
Almanya,2007-07-01,8.5,85.214481,99.06572,4.216182
Almanya,2007-08-01,8.4,85.125992,99.25902,4.543609
Almanya,2007-09-01,8.4,85.302969,100.1289,4.7417
Almanya,2007-10-01,8.3,85.479946,100.3222,4.687391
Almanya,2007-11-01,8.2,85.922389,100.0322,4.638545
Almanya,2007-12-01,8.1,86.45332,100.9021,4.848368
Almanya,2008-01-01,8.0,86.187855,101.7719,4.481545
Almanya,2008-02-01,7.9,86.541809,101.3853,4.362095
Almanya,2008-03-01,7.8,86.984252,101.2887,4.596368
Almanya,2008-04-01,7.7,86.807275,101.8686,4.7835
Almanya,2008-05-01,7.5,87.338206,99.54897,4.857381
Almanya,2008-06-01,7.4,87.515183,100.6121,4.940524
Almanya,2008-07-01,7.3,88.046114,99.06572,4.961
Almanya,2008-08-01,7.1,87.780649,100.6121,4.96519
Almanya,2008-09-01,7.0,87.69216,98.67912,5.019182
Almanya,2008-10-01,7.0,87.515183,96.64948,5.113087
Almanya,2008-11-01,7.0,87.07274,92.3969,4.2383
Almanya,2008-12-01,7.1,87.426694,89.01418,3.292619
Almanya,2009-01-01,7.1,86.984252,82.82861,2.456524
Almanya,2009-02-01,7.2,87.515183,80.12242,1.94305
Almanya,2009-03-01,7.3,87.338206,80.21907,1.635455
Almanya,2009-04-01,7.4,87.426694,77.80283,1.4223
Almanya,2009-05-01,7.5,87.338206,81.18557,1.2817
Almanya,2009-06-01,7.5,87.603672,82.53866,1.227909
Almanya,2009-07-01,7.6,87.603672,81.57217,0.974957
Almanya,2009-08-01,7.5,87.780649,82.73196,0.860476
Almanya,2009-09-01,7.5,87.515183,86.01804,0.772091
Almanya,2009-10-01,7.4,87.515183,84.375,0.7375
Almanya,2009-11-01,7.2,87.426694,84.85825,0.71619
Almanya,2009-12-01,7.2,88.134603,85.24484,0.712045
Almanya,2010-01-01,7.1,87.603672,86.40464,0.67975
Almanya,2010-02-01,7.0,87.957626,85.53479,0.6617
Almanya,2010-03-01,6.9,88.400069,87.56443,0.644957
Almanya,2010-04-01,6.8,88.488557,89.30412,0.6447
Almanya,2010-05-01,6.7,88.400069,92.20361,0.686524
Almanya,2010-06-01,6.6,88.400069,91.23711,0.727591
Almanya,2010-07-01,6.5,88.577046,91.23711,0.848818
Almanya,2010-08-01,6.4,88.665534,92.3969,0.8955
Almanya,2010-09-01,6.4,88.577046,93.5567,0.8805
Almanya,2010-10-01,6.3,88.665534,95.58634,0.997667
Almanya,2010-11-01,6.2,88.754023,95.00645,1.042045
Almanya,2010-12-01,6.1,89.284954,96.84278,1.021696
Almanya,2011-01-01,6.0,89.107977,96.16624,1.017238
Almanya,2011-02-01,5.9,89.638908,97.13273,1.08675
Almanya,2011-03-01,5.7,90.16984,97.51933,1.175522
Almanya,2011-04-01,5.6,90.16984,97.71263,1.321211
Almanya,2011-05-01,5.6,90.16984,98.67912,1.425091
Almanya,2011-06-01,5.5,90.258328,97.13273,1.488591
Almanya,2011-07-01,5.5,90.435305,100.2255,1.597619
Almanya,2011-08-01,5.4,90.523794,99.45232,1.552087
Almanya,2011-09-01,5.4,90.700771,97.90593,1.536455
Almanya,2011-10-01,5.3,90.700771,99.06572,1.575857
Almanya,2011-11-01,5.2,90.877748,98.38918,1.484682
Almanya,2011-12-01,5.2,91.054725,97.32603,1.426095
Almanya,2012-01-01,5.1,90.966237,97.71263,1.222227
Almanya,2012-02-01,5.1,91.585657,98.09923,1.048286
Almanya,2012-03-01,5.1,92.116588,98.87242,0.858455
Almanya,2012-04-01,5.1,91.939611,97.42268,0.744316
Almanya,2012-05-01,5.1,91.939611,99.06572,0.684909
Almanya,2012-06-01,5.1,91.762634,98.00258,0.658857
Almanya,2012-07-01,5.1,92.116588,98.77577,0.497045
Almanya,2012-08-01,5.0,92.470542,98.96907,0.332391
Almanya,2012-09-01,5.0,92.559031,97.71263,0.2463
Almanya,2012-10-01,5.0,92.559031,96.35954,0.207913
Almanya,2012-11-01,5.0,92.647519,95.68299,0.192
Almanya,2012-12-01,5.0,92.912985,96.16624,0.185474
Almanya,2013-01-01,5.1,92.470542,95.29639,0.204909
Almanya,2013-02-01,5.1,93.001474,95.97294,0.22335
Almanya,2013-03-01,5.0,93.443916,97.71263,0.20605
Almanya,2013-04-01,5.0,93.001474,97.61598,0.208905
Almanya,2013-05-01,5.0,93.355428,96.84278,0.201227
Almanya,2013-06-01,4.9,93.443916,98.58247,0.21025
Almanya,2013-07-01,4.9,93.886359,97.03608,0.221435
Almanya,2013-08-01,4.9,93.886359,98.96907,0.225864
Almanya,2013-09-01,4.9,93.886359,98.67912,0.223238
Almanya,2013-10-01,4.8,93.709382,98.00258,0.225826
Almanya,2013-11-01,4.8,93.886359,99.64562,0.223381
Almanya,2013-12-01,4.8,94.240313,99.83892,0.2735
Almanya,2014-01-01,4.8,93.709382,99.16237,0.292045
Almanya,2014-02-01,4.8,94.151825,99.16237,0.2881
Almanya,2014-03-01,4.8,94.41729,99.45232,0.305333
Almanya,2014-04-01,4.8,94.240313,99.06572,0.32975
Almanya,2014-05-01,4.7,94.151825,98.58247,0.324571
Almanya,2014-06-01,4.7,94.41729,98.67912,0.241429
Almanya,2014-07-01,4.7,94.682756,100.3222,0.205043
Almanya,2014-08-01,4.7,94.682756,96.74613,0.191571
Almanya,2014-09-01,4.7,94.682756,99.16237,0.097091
Almanya,2014-10-01,4.7,94.41729,99.45232,0.082609
Almanya,2014-11-01,4.6,94.41729,99.35567,0.0809
Almanya,2014-12-01,4.6,94.41729,100.9987,0.080905
Almanya,2015-01-01,4.5,93.443916,98.58247,0.062667
Almanya,2015-02-01,4.5,94.107985,99.64562,0.0482
Almanya,2015-03-01,4.5,94.582319,99.64562,0.027182
Almanya,2015-04-01,4.4,95.056654,100.4188,0.0047
Almanya,2015-05-01,4.4,95.246388,100.6121,-0.010368
Almanya,2015-06-01,4.4,95.246388,100.5155,-0.013909
Almanya,2015-07-01,4.3,95.436122,101.9652,-0.018739
Almanya,2015-08-01,4.3,95.436122,99.45232,-0.027667
Almanya,2015-09-01,4.3,95.246388,99.64562,-0.037045
Almanya,2015-10-01,4.2,95.246388,100.5155,-0.053591
Almanya,2015-11-01,4.2,94.582319,99.25902,-0.087619
Almanya,2015-12-01,4.2,94.582319,99.74227,-0.126318
Almanya,2016-01-01,4.1,93.918251,101.2887,-0.14615
Almanya,2016-02-01,4.1,94.202852,101.0954,-0.183571
Almanya,2016-03-01,4.0,94.86692,100.3222,-0.228524
Almanya,2016-04-01,4.0,94.961787,100.9987,-0.24919
Almanya,2016-05-01,4.0,95.436122,99.35567,-0.257182
Almanya,2016-06-01,4.0,95.530989,101.192,-0.267909
Almanya,2016-07-01,3.9,95.910456,99.93557,-0.294524
Almanya,2016-08-01,3.9,95.815589,101.482,-0.298217
Almanya,2016-09-01,3.8,95.815589,101.192,-0.301636
Almanya,2016-10-01,3.7,96.005323,101.8686,-0.309
Almanya,2016-11-01,3.7,95.341255,101.6753,-0.312682
Almanya,2016-12-01,3.7,96.005323,99.35567,-0.315762
Almanya,2017-01-01,3.7,95.436122,101.0954,-0.325545
Almanya,2017-02-01,3.6,96.005323,101.8686,-0.3286
Almanya,2017-03-01,3.6,96.195057,101.3853,-0.329348
Almanya,2017-04-01,3.6,96.574525,103.3183,-0.330389
Almanya,2017-05-01,3.6,96.574525,103.6082,-0.329455
Almanya,2017-06-01,3.5,96.859125,103.4149,-0.33
Almanya,2017-07-01,3.5,97.238593,103.8982,-0.330429
Almanya,2017-08-01,3.5,97.33346,106.3144,-0.329087
Almanya,2017-09-01,3.4,97.428327,105.2513,-0.329381
Almanya,2017-10-01,3.4,97.238593,103.7049,-0.329545
Almanya,2017-11-01,3.4,96.859125,107.3776,-0.329
Almanya,2017-12-01,3.4,97.33346,106.6044,-0.327895
Almanya,2018-01-01,3.3,96.764259,105.9278,-0.328455
Almanya,2018-02-01,3.3,97.048859,104.1881,-0.3285
Almanya,2018-03-01,3.3,97.618061,105.8312,-0.327905
Almanya,2018-04-01,3.2,97.807795,105.1546,-0.32845
Almanya,2018-05-01,3.2,98.56673,106.701,-0.325227
Almanya,2018-06-01,3.2,98.661597,106.4111,-0.322048
Almanya,2018-07-01,3.2,99.041065,104.5747,-0.320727
Almanya,2018-08-01,3.2,99.135932,106.0245,-0.319
Almanya,2018-09-01,3.1,99.325665,104.768,-0.31885
Almanya,2018-10-01,3.1,99.515399,104.4781,-0.317696
Almanya,2018-11-01,3.1,98.851331,102.5451,-0.316364
Almanya,2018-12-01,3.1,98.851331,103.7049,-0.311895
Almanya,2019-01-01,3.0,98.092395,103.4149,-0.308
Almanya,2019-02-01,3.0,98.471863,102.8351,-0.30845
Almanya,2019-03-01,3.0,98.851331,103.8982,-0.30919
Almanya,2019-04-01,2.9,99.8,102.4485,-0.31045
Almanya,2019-05-01,2.9,99.989734,102.8351,-0.311864
Almanya,2019-06-01,2.9,100.274335,101.5786,-0.3289
Almanya,2019-07-01,2.9,100.748669,101.192,-0.36487
Almanya,2019-08-01,2.9,100.558935,101.5786,-0.407682
Almanya,2019-09-01,2.9,100.558935,100.6121,-0.417571
Almanya,2019-10-01,2.9,100.653802,100.0322,-0.41287
Almanya,2019-11-01,3.0,99.894867,100.3222,-0.401286
Almanya,2019-12-01,3.1,100.369202,98.00258,-0.3947
Almanya,2020-01-01,3.2,99.8,100.9987,-0.391136
Almanya,2020-02-01,3.3,100.1,101.5786,-0.40885
Almanya,2020-03-01,3.4,100.3,91.23711,-0.416636
Almanya,2020-04-01,3.5,100.4,71.71392,-0.25405
Almanya,2020-05-01,3.7,100.4,79.73582,-0.27195
Almanya,2020-06-01,3.8,100.5,89.01418,-0.376
Almanya,2020-07-01,3.8,99.7,90.94717,-0.44413
Almanya,2020-08-01,3.9,99.7,90.85052,-0.479714
Almanya,2020-09-01,3.8,99.7,93.1701,-0.491364
Almanya,2020-10-01,3.8,99.9,96.74613,-0.509136
Almanya,2020-11-01,3.8,99.7,97.90593,-0.520857
Almanya,2020-12-01,3.8,99.8,97.80928,-0.538091
Brezilya,2000-12-01,12.30437,39.05855,80.67756,16.5
Brezilya,2001-01-01,11.76352,39.28128,80.78286,16.5
Brezilya,2001-02-01,10.44681,39.46202,82.10789,15.75
Brezilya,2001-03-01,10.43982,39.6119,82.87132,15.25
Brezilya,2001-04-01,9.965407,39.84159,82.63438,15.25
Brezilya,2001-05-01,10.65077,40.00492,84.65264,15.75
Brezilya,2001-06-01,10.89884,40.21304,85.24934,16.25
Brezilya,2001-07-01,11.66998,40.74783,85.2318,16.75
Brezilya,2001-08-01,11.11748,41.03297,84.21389,18.25
Brezilya,2001-09-01,10.94856,41.14782,86.03909,19.0
Brezilya,2001-10-01,10.8405,41.48934,85.31954,19.0
Brezilya,2001-11-01,11.13198,41.784,89.15423,19.0
Brezilya,2001-12-01,11.88365,42.05568,86.99557,19.0
Brezilya,2002-01-01,12.10247,42.27447,87.89063,19.0
Brezilya,2002-02-01,12.33133,42.42667,86.65335,19.0
Brezilya,2002-03-01,11.37821,42.68119,86.355,19.0
Brezilya,2002-04-01,12.27821,43.02271,87.0219,18.75
Brezilya,2002-05-01,12.28853,43.11296,85.94257,18.5
Brezilya,2002-06-01,11.89526,43.29393,85.73197,18.5
Brezilya,2002-07-01,11.50375,43.80923,85.74952,18.5
Brezilya,2002-08-01,11.43109,44.09391,84.10859,18.5
Brezilya,2002-09-01,11.72478,44.4113,82.17809,18.0
Brezilya,2002-10-01,11.59954,44.99319,83.13457,18.0
Brezilya,2002-11-01,11.56013,46.35208,83.38026,18.0
Brezilya,2002-12-01,11.4327,47.32537,85.77971,21.0
Brezilya,2003-01-01,11.46962,48.39031,87.73267,22.0
Brezilya,2003-02-01,12.04462,49.15015,87.24746,25.0
Brezilya,2003-03-01,11.58112,49.75477,87.47028,25.5
Brezilya,2003-04-01,11.42004,50.23736,87.39251,26.5
Brezilya,2003-05-01,11.52402,50.54385,87.7703,26.5
Brezilya,2003-06-01,11.82587,50.46798,88.06416,26.5
Brezilya,2003-07-01,12.46263,50.5689,87.24557,26.5
Brezilya,2003-08-01,12.84821,50.74083,87.64798,26.0
Brezilya,2003-09-01,12.64329,51.13664,87.99908,24.5
Brezilya,2003-10-01,12.93142,51.28489,87.8892,22.0
Brezilya,2003-11-01,13.07707,51.45937,87.63947,20.0
Brezilya,2003-12-01,13.26376,51.72688,87.84505,19.0
Brezilya,2004-01-01,12.81897,52.1199,87.40852,17.5
Brezilya,2004-02-01,12.51585,52.43776,87.4915,16.5
Brezilya,2004-03-01,12.1344,52.68416,87.20711,16.5
Brezilya,2004-04-01,11.85405,52.87905,85.95061,16.5
Brezilya,2004-05-01,12.17998,53.14865,86.31,16.25
Brezilya,2004-06-01,12.42227,53.5259,85.65563,16.0
Brezilya,2004-07-01,11.8334,54.01289,86.84097,16.0
Brezilya,2004-08-01,11.59418,54.3855,89.37434,16.0
Brezilya,2004-09-01,11.08624,54.56508,89.63532,16.0
Brezilya,2004-10-01,11.26412,54.80521,90.77323,16.0
Brezilya,2004-11-01,10.9855,55.18339,89.3272,16.25
Brezilya,2004-12-01,10.74518,55.65786,91.0417,16.75
Brezilya,2005-01-01,11.20485,55.98059,92.58765,17.25
Brezilya,2005-02-01,11.06768,56.31097,92.96783,17.75
Brezilya,2005-03-01,10.54401,56.65435,93.70557,18.25
Brezilya,2005-04-01,10.47064,57.14714,94.66549,18.75
Brezilya,2005-05-01,10.28259,57.42718,94.8968,19.25
Brezilya,2005-06-01,10.22216,57.41558,95.62466,19.5
Brezilya,2005-07-01,9.827232,57.5592,96.67558,19.75
Brezilya,2005-08-01,9.254727,57.65711,97.07556,19.75
Brezilya,2005-09-01,9.322425,57.85896,96.45507,19.75
Brezilya,2005-10-01,9.329138,58.29282,96.43828,19.75
Brezilya,2005-11-01,9.736018,58.61346,96.98322,19.5
Brezilya,2005-12-01,9.861129,58.82436,97.58396,19.0
Brezilya,2006-01-01,10.10996,59.17145,96.23803,18.5
Brezilya,2006-02-01,9.675368,59.41413,97.14095,18.0
Brezilya,2006-03-01,9.617917,59.66958,97.17412,17.25
Brezilya,2006-04-01,9.895424,59.79486,100.3653,17.25
Brezilya,2006-05-01,9.87268,59.85472,98.56404,16.5
Brezilya,2006-06-01,9.840483,59.72897,97.88394,15.75
Brezilya,2006-07-01,9.82048,59.84243,97.94463,15.75
Brezilya,2006-08-01,10.2695,59.87236,97.35982,15.25
Brezilya,2006-09-01,10.58653,59.99811,96.82729,14.75
Brezilya,2006-10-01,10.47811,60.19601,97.76615,14.25
Brezilya,2006-11-01,10.06391,60.38255,99.37508,14.25
Brezilya,2006-12-01,10.06175,60.67234,99.80729,13.75
Brezilya,2007-01-01,10.0714,60.93938,100.574,13.25
Brezilya,2007-02-01,9.695142,61.20759,99.94855,13.25
Brezilya,2007-03-01,9.623956,61.43403,100.5222,13.0
Brezilya,2007-04-01,9.673713,61.58762,101.1662,13.0
Brezilya,2007-05-01,9.622403,61.76001,99.77428,12.75
Brezilya,2007-06-01,9.618071,61.93286,100.6935,12.5
Brezilya,2007-07-01,9.770851,62.08158,100.5316,12.5
Brezilya,2007-08-01,9.526117,62.37345,99.58512,12.0
Brezilya,2007-09-01,9.325441,62.48574,100.2847,11.5
Brezilya,2007-10-01,9.446429,62.67321,101.6048,11.5
Brezilya,2007-11-01,9.072807,62.91125,102.2849,11.25
Brezilya,2007-12-01,8.932889,63.3769,102.0254,11.25
Brezilya,2008-01-01,8.723907,63.71912,103.3342,11.25
Brezilya,2008-02-01,8.636428,64.03141,104.6797,11.25
Brezilya,2008-03-01,8.274426,64.33882,105.7235,11.25
Brezilya,2008-04-01,8.516868,64.69264,106.0343,11.25
Brezilya,2008-05-01,8.119047,65.20377,106.5908,11.25
Brezilya,2008-06-01,8.072902,65.68635,106.2976,11.75
Brezilya,2008-07-01,7.60141,66.03437,107.7421,11.75
Brezilya,2008-08-01,7.715947,66.21928,106.9464,12.25
Brezilya,2008-09-01,7.983775,66.39143,109.6007,13.0
Brezilya,2008-10-01,7.524454,66.69027,108.5421,13.0
Brezilya,2008-11-01,7.715191,66.9304,108.9264,13.75
Brezilya,2008-12-01,7.674621,67.11787,110.7032,13.75
Brezilya,2009-01-01,8.028376,67.4399,110.4218,13.75
Brezilya,2009-02-01,7.885071,67.81088,110.7123,13.75
Brezilya,2009-03-01,8.467198,67.94638,110.7683,12.75
Brezilya,2009-04-01,8.287186,68.27259,111.43,12.75
Brezilya,2009-05-01,8.539585,68.59346,113.1388,11.25
Brezilya,2009-06-01,8.431472,68.84032,113.5384,10.25
Brezilya,2009-07-01,8.472834,69.00552,112.2407,10.25
Brezilya,2009-08-01,7.940168,69.10899,113.7297,9.25
Brezilya,2009-09-01,7.842829,69.27488,110.359,8.75
Brezilya,2009-10-01,7.999191,69.46884,103.8228,8.75
Brezilya,2009-11-01,7.756629,69.75375,92.22306,8.75
Brezilya,2009-12-01,7.729197,70.01176,94.19257,8.75
Brezilya,2010-01-01,7.801152,70.5368,96.44775,8.75
Brezilya,2010-02-01,7.902646,71.0869,96.85699,8.75
Brezilya,2010-03-01,7.465011,71.45649,98.13234,8.75
Brezilya,2010-04-01,7.191654,71.86391,99.40399,8.75
Brezilya,2010-05-01,7.172642,72.17294,100.709,8.75
Brezilya,2010-06-01,6.875212,72.17294,101.9527,9.5
Brezilya,2010-07-01,7.143868,72.18014,103.6478,9.5
Brezilya,2010-08-01,6.833828,72.20891,105.1778,10.25
Brezilya,2010-09-01,6.810925,72.53372,107.3465,10.75
Brezilya,2010-10-01,6.660689,73.0778,108.7598,10.75
Brezilya,2010-11-01,6.253394,73.68427,109.1925,10.75
Brezilya,2010-12-01,6.222114,74.14853,110.8045,10.75
Brezilya,2011-01-01,6.094969,74.76406,110.6553,10.75
Brezilya,2011-02-01,6.159383,75.36218,113.058,10.75
Brezilya,2011-03-01,6.23846,75.95753,113.5125,11.25
Brezilya,2011-04-01,6.21431,76.54243,113.2886,11.25
Brezilya,2011-05-01,6.096147,76.90228,112.7543,11.75
Brezilya,2011-06-01,6.100201,77.01759,112.0623,12.0
Brezilya,2011-07-01,6.082115,77.14079,111.7531,12.0
Brezilya,2011-08-01,6.023153,77.42616,112.0336,12.25
Brezilya,2011-09-01,5.912048,77.83659,111.7241,12.5
Brezilya,2011-10-01,5.911242,78.17139,112.4414,12.5
Brezilya,2011-11-01,6.032932,78.57787,112.9602,12.0
Brezilya,2011-12-01,5.892017,78.97067,113.3682,11.5
Brezilya,2012-01-01,5.551761,79.41289,114.6116,11.5
Brezilya,2012-02-01,5.551572,79.77019,115.2377,11.0
Brezilya,2012-03-01,5.678271,79.9377,112.164,10.5
Brezilya,2012-04-01,5.608653,80.44929,115.633,10.5
Brezilya,2012-05-01,5.865548,80.73884,113.4266,9.75
Brezilya,2012-06-01,5.72741,80.80334,113.2782,9.0
Brezilya,2012-07-01,5.549574,81.15089,112.2439,8.5
Brezilya,2012-08-01,5.689653,81.4836,110.5298,8.5
Brezilya,2012-09-01,5.272289,81.94808,109.4408,8.0
Brezilya,2012-10-01,5.242164,82.43159,109.9075,7.5
Brezilya,2012-11-01,5.418124,82.92625,112.7746,7.5
Brezilya,2012-12-01,5.44998,83.58145,108.0242,7.25
Brezilya,2013-01-01,5.237459,84.30022,108.9713,7.25
Brezilya,2013-02-01,5.411323,84.80601,108.2662,7.25
Brezilya,2013-03-01,5.601452,85.20461,108.2894,7.25
Brezilya,2013-04-01,5.436466,85.67327,108.9047,7.25
Brezilya,2013-05-01,5.338785,85.9902,109.0477,7.25
Brezilya,2013-06-01,5.509905,86.21386,110.5922,7.5
Brezilya,2013-07-01,5.553439,86.23961,112.7342,8.0
Brezilya,2013-08-01,5.779708,86.44656,110.7926,8.0
Brezilya,2013-09-01,5.490614,86.74911,112.3371,8.5
Brezilya,2013-10-01,5.210773,87.24353,110.8422,9.0
Brezilya,2013-11-01,5.415362,87.71474,111.5565,9.0
Brezilya,2013-12-01,5.289386,88.52168,112.616,9.5
Brezilya,2014-01-01,4.950717,89.00845,109.508,10.0
Brezilya,2014-02-01,5.093781,89.62258,111.5092,10.0
Brezilya,2014-03-01,4.937573,90.44715,113.4076,10.5
Brezilya,2014-04-01,5.003753,91.05317,113.0638,10.75
Brezilya,2014-05-01,4.753304,91.47195,113.6878,10.75
Brezilya,2014-06-01,4.617692,91.83783,112.928,11.0
Brezilya,2014-07-01,4.680679,91.84711,113.1421,11.0
Brezilya,2014-08-01,4.665461,92.07681,113.7968,11.0
Brezilya,2014-09-01,4.775859,92.60162,112.5563,11.0
Brezilya,2014-10-01,4.93764,92.99047,113.1363,11.0
Brezilya,2014-11-01,4.866515,93.4647,109.1165,11.0
Brezilya,2014-12-01,4.776866,94.19368,111.0203,11.25
Brezilya,2015-01-01,5.176929,95.36163,111.431,11.25
Brezilya,2015-02-01,5.071084,96.52494,111.2324,11.75
Brezilya,2015-03-01,5.463681,97.79915,110.2051,12.25
Brezilya,2015-04-01,5.715923,98.49356,109.134,12.25
Brezilya,2015-05-01,5.83795,99.22231,105.9152,12.75
Brezilya,2015-06-01,6.085472,100.0063,108.6633,13.25
Brezilya,2015-07-01,6.410128,100.6262,109.0159,13.25
Brezilya,2015-08-01,6.703869,100.8476,109.2374,13.75
Brezilya,2015-09-01,7.307231,101.3921,109.2919,14.25
Brezilya,2015-10-01,7.436954,102.2234,108.4727,14.25
Brezilya,2015-11-01,7.537654,103.2558,105.2467,14.25
Brezilya,2015-12-01,7.997365,104.247,105.9079,14.25
Brezilya,2016-01-01,8.00671,105.5709,105.0603,14.25
Brezilya,2016-02-01,,106.521,104.5464,14.25
Brezilya,2016-03-01,,106.9789,102.5157,14.25
Brezilya,2016-04-01,,107.6316,101.471,14.25
Brezilya,2016-05-01,,108.471,100.5151,14.25
Brezilya,2016-06-01,,108.8506,98.74607,14.25
Brezilya,2016-07-01,,109.4167,99.26775,14.25
Brezilya,2016-08-01,,109.8981,97.01163,14.25
Brezilya,2016-09-01,,109.9861,96.80869,14.25
Brezilya,2016-10-01,,110.2721,95.14876,14.25
Brezilya,2016-11-01,,110.4707,93.69257,14.25
Brezilya,2016-12-01,,110.802,94.58104,14.0
Brezilya,2017-01-01,,111.2231,93.63227,14.0
Brezilya,2017-02-01,,111.5902,94.05385,13.75
Brezilya,2017-03-01,,111.8691,94.0842,13.0
Brezilya,2017-04-01,,112.0257,94.35034,12.25
Brezilya,2017-05-01,,112.373,93.3191,12.25
Brezilya,2017-06-01,,112.1145,93.8735,11.25
Brezilya,2017-07-01,,112.3837,92.07238,11.25
Brezilya,2017-08-01,,112.5971,93.05444,10.25
Brezilya,2017-09-01,,112.7772,91.79579,9.25
Brezilya,2017-10-01,,113.2509,92.69083,9.25
Brezilya,2017-11-01,,113.5681,94.17163,8.25
Brezilya,2017-12-01,,114.0678,94.92882,7.5
Brezilya,2018-01-01,,114.3987,96.08286,7.5
Brezilya,2018-02-01,,114.7648,94.36427,7.0
Brezilya,2018-03-01,,114.8681,94.49022,7.0
Brezilya,2018-04-01,,115.1207,94.83546,6.75
Brezilya,2018-05-01,,115.5813,95.61507,6.5
Brezilya,2018-06-01,,117.0376,95.90186,6.5
Brezilya,2018-07-01,,117.4239,95.95172,6.5
Brezilya,2018-08-01,,117.3183,96.2889,6.5
Brezilya,2018-09-01,,117.8814,97.1946,6.5
Brezilya,2018-10-01,,118.4118,97.59619,6.5
Brezilya,2018-11-01,,118.1631,100.2548,6.5
Brezilya,2018-12-01,,118.3403,97.90735,6.5
Brezilya,2019-01-01,,118.719,97.43729,6.5
Brezilya,2019-02-01,,119.2294,98.70132,6.5
Brezilya,2019-03-01,,120.1236,99.0717,6.5
Brezilya,2019-04-01,,120.8083,88.30508,6.5
Brezilya,2019-05-01,,120.9653,99.16415,6.5
Brezilya,2019-06-01,,120.9774,98.92871,6.5
Brezilya,2019-07-01,,121.2073,98.01485,6.5
Brezilya,2019-08-01,,121.3407,95.39836,6.5
Brezilya,2019-09-01,,121.2922,96.58015,6.5
Brezilya,2019-10-01,,121.4136,96.48142,6.0
Brezilya,2019-11-01,,122.0328,96.40276,5.5
Brezilya,2019-12-01,,123.4363,95.99949,5.0
Brezilya,2020-01-01,,123.6954,96.1041,5.0
Brezilya,2020-02-01,,124.0047,95.77521,4.5
Brezilya,2020-03-01,,124.0915,96.17184,4.5
Brezilya,2020-04-01,,123.7068,96.10246,4.25
Brezilya,2020-05-01,,123.2367,95.30856,3.75
Brezilya,2020-06-01,,123.5571,94.73209,3.75
Brezilya,2020-07-01,,124.0019,95.74136,3.14
Brezilya,2020-08-01,,124.2996,95.79415,2.69
Brezilya,2020-09-01,,125.0951,97.93734,2.25
Brezilya,2020-10-01,,126.171,95.64376,2.03
Brezilya,2020-11-01,,127.2939,94.33081,2.0
Brezilya,2020-12-01,,129.0124,95.67796,2.0
Brezilya,2021-01-01,,129.3349,96.33231,2.0
Brezilya,2021-02-01,,130.4472,88.62179,2.0
Brezilya,2021-03-01,,131.6604,71.20509,2.0
Brezilya,2021-04-01,,132.0685,76.87204,2.0
Brezilya,2021-05-01,,133.1648,84.51239,2.4
Brezilya,2021-06-01,,133.8705,92.23799,2.75
Brezilya,2021-07-01,,135.1557,95.15757,3.4
Brezilya,2021-08-01,,136.3315,97.77293,3.9
Brezilya,2021-09-01,,137.9129,99.16978,4.25
Brezilya,2021-10-01,,139.6367,99.62682,5.1
Brezilya,2021-11-01,,140.9634,99.11588,5.5
Brezilya,2021-12-01,,141.9924,100.0099,6.5
Brezilya,2022-01-01,,142.7592,98.36727,7.75
Brezilya,2022-02-01,,144.2011,95.95233,8.9
Brezilya,2022-03-01,,146.5372,94.35103,9.25
Brezilya,2022-04-01,,148.0906,95.60423,10.64
Brezilya,2022-05-01,,148.7866,95.1896,11.23
Brezilya,2022-06-01,,149.7836,93.97907,11.75
Brezilya,2022-07-01,,148.765,93.98242,12.62
Brezilya,2022-08-01,,148.2295,93.80889,12.99
Brezilya,2022-09-01,,147.7996,93.27248,13.25
Brezilya,2022-10-01,,148.6718,93.25758,13.7
Brezilya,2022-11-01,,149.2813,94.53598,13.75
Brezilya,2022-12-01,,150.2068,94.68154,13.75
Brezilya,2023-01-01,,151.0028,95.29421,13.75
Brezilya,2023-02-01,,152.2712,94.38247,13.75
Brezilya,2023-03-01,,153.3524,94.91869,13.75
Brezilya,2023-04-01,,154.2878,94.5854,13.75
Brezilya,2023-05-01,,154.6426,94.57279,13.75
Brezilya,2023-06-01,,154.5189,95.76403,13.75
Brezilya,2023-07-01,,154.7043,94.26826,13.75
Brezilya,2023-08-01,,155.0602,93.2256,13.75
Brezilya,2023-09-01,,155.4635,94.46021,13.75
Brezilya,2023-10-01,,155.8365,94.34294,13.28
Brezilya,2023-11-01,,156.2729,94.08264,13.08
Brezilya,2023-12-01,,157.1481,94.23082,12.75
Brezilya,2024-01-01,,157.8082,94.03234,12.28
Brezilya,2024-02-01,,159.1179,94.61152,11.96
Brezilya,2024-03-01,,159.3724,94.18405,
Brezilya,2024-04-01,,159.9779,94.6007,
Brezilya,2024-05-01,,160.7139,94.61858,
Brezilya,2024-06-01,,161.0515,94.27485,
Brezilya,2024-07-01,,161.6635,94.70574,
Brezilya,2024-08-01,,161.6313,94.89288,
Brezilya,2024-09-01,,162.3424,94.99277,
Brezilya,2024-10-01,,163.2514,95.67924,
Brezilya,2024-11-01,,163.888,96.83728,
Brezilya,2024-12-01,,164.7402,95.73234,
Brezilya,2025-01-01,,165.0038,95.85213,
Brezilya,2025-02-01,,167.1655,96.76269,
Brezilya,2025-03-01,,168.1016,,
Brezilya,2025-04-01,,168.8246,,
Güney Kore,2000-01-01,5.0,62.456,47.64377,4.76
Güney Kore,2000-02-01,4.8,62.647,47.74273,5.01
Güney Kore,2000-03-01,4.5,62.962,48.2843,5.09
Güney Kore,2000-04-01,4.5,62.709,48.00553,5.09
Güney Kore,2000-05-01,4.4,62.393,49.85263,5.11
Güney Kore,2000-06-01,4.2,62.709,49.3334,5.11
Güney Kore,2000-07-01,4.1,62.962,50.92515,5.12
Güney Kore,2000-08-01,4.2,63.277,51.71251,5.13
Güney Kore,2000-09-01,4.5,64.098,50.48146,5.11
Güney Kore,2000-10-01,4.1,64.035,50.12821,5.32
Güney Kore,2000-11-01,4.2,63.656,49.35681,5.33
Güney Kore,2000-12-01,4.3,63.908,48.63861,5.34
Güney Kore,2001-01-01,4.4,64.604,48.1396,5.29
Güney Kore,2001-02-01,4.7,64.919,48.64925,5.12
Güney Kore,2001-03-01,4.6,65.488,48.94292,5.02
Güney Kore,2001-04-01,4.1,65.74,49.31425,5.01
Güney Kore,2001-05-01,3.9,65.677,49.73028,5.01
Güney Kore,2001-06-01,3.8,65.866,49.83136,5.01
Güney Kore,2001-07-01,3.8,65.992,48.84184,4.8
Güney Kore,2001-08-01,3.7,66.245,49.97925,4.59
Güney Kore,2001-09-01,3.7,66.182,49.98883,4.31
Güney Kore,2001-10-01,3.6,66.182,50.29313,4.01
Güney Kore,2001-11-01,3.7,65.804,50.61978,4.02
Güney Kore,2001-12-01,3.6,65.93,49.35468,4.0
Güney Kore,2002-01-01,3.6,66.308,50.89748,3.98
Güney Kore,2002-02-01,3.5,66.624,51.87743,4.01
Güney Kore,2002-03-01,3.4,67.003,53.17764,4.01
Güney Kore,2002-04-01,3.4,67.382,53.63409,4.01
Güney Kore,2002-05-01,3.3,67.634,53.04676,4.25
Güney Kore,2002-06-01,3.1,67.571,52.64989,4.29
Güney Kore,2002-07-01,3.1,67.382,53.96287,4.28
Güney Kore,2002-08-01,3.3,67.824,54.46507,4.29
Güney Kore,2002-09-01,3.0,68.204,53.49683,4.3
Güney Kore,2002-10-01,3.1,68.013,54.44486,4.3
Güney Kore,2002-11-01,3.1,68.077,55.23009,4.29
Güney Kore,2002-12-01,3.1,68.391,55.84615,4.3
Güney Kore,2003-01-01,3.3,68.835,54.53849,4.28
Güney Kore,2003-02-01,3.3,69.213,54.80555,4.3
Güney Kore,2003-03-01,3.4,70.034,55.96106,4.24
Güney Kore,2003-04-01,3.4,69.908,54.98856,4.24
Güney Kore,2003-05-01,3.6,69.782,54.75448,4.07
Güney Kore,2003-06-01,3.6,69.592,56.43347,4.01
Güney Kore,2003-07-01,3.6,69.53,53.80433,3.83
Güney Kore,2003-08-01,3.6,69.845,56.65372,3.74
Güney Kore,2003-09-01,3.7,70.477,57.37086,3.74
Güney Kore,2003-10-01,3.7,70.539,58.96579,3.75
Güney Kore,2003-11-01,3.9,70.413,59.04346,3.78
Güney Kore,2003-12-01,3.7,70.73,60.10853,3.78
Güney Kore,2004-01-01,3.6,71.172,59.86913,3.78
Güney Kore,2004-02-01,3.6,71.487,62.91749,3.76
Güney Kore,2004-03-01,3.6,72.181,61.82263,3.76
Güney Kore,2004-04-01,3.6,72.181,62.49082,3.75
Güney Kore,2004-05-01,3.7,72.119,63.40267,3.76
Güney Kore,2004-06-01,3.5,72.119,61.60345,3.76
Güney Kore,2004-07-01,3.7,72.561,60.82566,3.77
Güney Kore,2004-08-01,3.7,73.191,61.79177,3.61
Güney Kore,2004-09-01,3.6,73.191,62.49401,3.52
Güney Kore,2004-10-01,3.7,73.191,62.5004,3.52
Güney Kore,2004-11-01,3.7,72.75,63.57397,3.35
Güney Kore,2004-12-01,3.8,72.877,62.71214,3.27
Güney Kore,2005-01-01,3.9,73.594,65.37213,3.26
Güney Kore,2005-02-01,3.7,73.892,63.87189,3.26
Güney Kore,2005-03-01,3.7,74.338,65.92648,3.25
Güney Kore,2005-04-01,3.7,74.413,64.60286,3.26
Güney Kore,2005-05-01,3.7,74.338,64.10065,3.29
Güney Kore,2005-06-01,3.8,74.114,64.49753,3.27
Güney Kore,2005-07-01,3.7,74.413,65.04336,3.25
Güney Kore,2005-08-01,3.6,74.636,65.40831,3.25
Güney Kore,2005-09-01,3.9,75.008,65.59557,3.25
Güney Kore,2005-10-01,3.9,74.859,67.86615,3.44
Güney Kore,2005-11-01,3.6,74.561,70.41017,3.49
Güney Kore,2005-12-01,3.5,74.785,68.96207,3.7
Güney Kore,2006-01-01,3.4,75.231,71.12411,3.74
Güney Kore,2006-02-01,3.6,75.381,71.25179,3.92
Güney Kore,2006-03-01,3.6,75.827,71.63909,3.97
Güney Kore,2006-04-01,3.5,75.902,70.90493,3.97
Güney Kore,2006-05-01,3.4,76.05,71.55823,3.96
Güney Kore,2006-06-01,3.5,75.902,70.46444,4.17
Güney Kore,2006-07-01,3.5,76.199,67.02453,4.21
Güney Kore,2006-08-01,3.5,76.645,71.90935,4.42
Güney Kore,2006-09-01,3.5,76.868,73.8022,4.47
Güney Kore,2006-10-01,3.6,76.496,75.8653,4.48
Güney Kore,2006-11-01,3.5,76.125,75.52482,4.47
Güney Kore,2006-12-01,3.4,76.348,72.88929,4.49
Güney Kore,2007-01-01,3.4,76.496,74.03309,4.63
Güney Kore,2007-02-01,3.2,77.017,74.37357,4.6
Güney Kore,2007-03-01,3.2,77.464,74.14587,4.6
Güney Kore,2007-04-01,3.3,77.761,75.38118,4.69
Güney Kore,2007-05-01,3.3,77.836,75.58334,4.61
Güney Kore,2007-06-01,3.2,77.836,75.07049,4.54
Güney Kore,2007-07-01,3.3,78.134,75.92807,4.67
Güney Kore,2007-08-01,3.2,78.208,78.27951,4.92
Güney Kore,2007-09-01,3.2,78.655,77.52088,4.98
Güney Kore,2007-10-01,3.2,78.803,81.74815,5.0
Güney Kore,2007-11-01,3.3,78.803,81.51194,5.0
Güney Kore,2007-12-01,3.1,79.101,81.11401,4.99
Güney Kore,2008-01-01,3.0,79.472,83.15901,4.99
Güney Kore,2008-02-01,3.0,79.771,82.3408,4.97
Güney Kore,2008-03-01,3.0,80.515,83.49737,4.97
Güney Kore,2008-04-01,3.1,80.962,83.73038,4.99
Güney Kore,2008-05-01,3.2,81.63,82.4472,4.97
Güney Kore,2008-06-01,3.1,82.151,81.74283,4.95
Güney Kore,2008-07-01,3.1,82.747,81.29063,4.98
Güney Kore,2008-08-01,3.3,82.598,81.23318,5.21
Güney Kore,2008-09-01,3.2,82.673,80.05959,5.21
Güney Kore,2008-10-01,3.3,82.598,80.74586,4.88
Güney Kore,2008-11-01,3.4,82.375,71.8455,4.0
Güney Kore,2008-12-01,3.4,82.375,64.11023,3.27
Güney Kore,2009-01-01,3.3,82.45,65.30297,2.43
Güney Kore,2009-02-01,3.3,83.045,71.089,2.06
Güney Kore,2009-03-01,3.5,83.64,73.78092,1.77
Güney Kore,2009-04-01,3.7,83.862,76.25259,1.8
Güney Kore,2009-05-01,3.9,83.862,76.82077,1.91
Güney Kore,2009-06-01,3.9,83.788,79.76273,1.93
Güney Kore,2009-07-01,3.8,84.086,81.80667,1.93
Güney Kore,2009-08-01,3.9,84.384,82.31313,1.98
Güney Kore,2009-09-01,3.6,84.459,85.8754,1.99
Güney Kore,2009-10-01,3.6,84.235,84.3358,1.99
Güney Kore,2009-11-01,3.7,84.384,85.34447,2.0
Güney Kore,2009-12-01,3.6,84.682,86.37974,2.0
Güney Kore,2010-01-01,4.7,85.351,87.94807,2.0
Güney Kore,2010-02-01,4.0,85.523,88.59924,2.0
Güney Kore,2010-03-01,3.6,85.696,90.43358,2.01
Güney Kore,2010-04-01,3.6,86.041,91.61568,2.0
Güney Kore,2010-05-01,3.3,86.128,92.16577,2.01
Güney Kore,2010-06-01,3.5,86.041,92.45518,2.0
Güney Kore,2010-07-01,3.8,86.214,93.15316,2.21
Güney Kore,2010-08-01,3.5,86.647,92.35622,2.27
Güney Kore,2010-09-01,3.7,87.337,92.86375,2.27
Güney Kore,2010-10-01,3.7,87.337,94.19907,2.26
Güney Kore,2010-11-01,3.3,86.906,94.32782,2.37
Güney Kore,2010-12-01,3.7,87.251,95.8355,2.5
Güney Kore,2011-01-01,3.6,88.288,98.78598,2.66
Güney Kore,2011-02-01,3.6,88.892,95.79613,2.75
Güney Kore,2011-03-01,3.7,89.238,98.1912,2.92
Güney Kore,2011-04-01,3.5,89.325,96.77821,3.01
Güney Kore,2011-05-01,3.3,89.497,97.19104,3.02
Güney Kore,2011-06-01,3.3,89.67,97.96138,3.2
Güney Kore,2011-07-01,3.4,90.102,98.09332,3.26
Güney Kore,2011-08-01,3.2,90.707,97.36128,3.25
Güney Kore,2011-09-01,3.3,90.62,97.82412,3.25
Güney Kore,2011-10-01,3.3,90.448,100.116,3.24
Güney Kore,2011-11-01,3.3,90.534,97.78795,3.26
Güney Kore,2011-12-01,3.2,90.879,96.07278,3.26
Güney Kore,2012-01-01,3.3,91.242,98.2859,3.26
Güney Kore,2012-02-01,3.3,91.588,102.1918,3.25
Güney Kore,2012-03-01,3.3,91.614,99.03495,3.25
Güney Kore,2012-04-01,3.3,91.605,100.1883,3.25
Güney Kore,2012-05-01,3.2,91.769,100.6097,3.26
Güney Kore,2012-06-01,3.2,91.639,98.71788,3.26
Güney Kore,2012-07-01,3.2,91.432,98.06778,3.08
Güney Kore,2012-08-01,3.2,91.855,96.15683,3.0
Güney Kore,2012-09-01,3.2,92.512,97.45811,2.99
Güney Kore,2012-10-01,3.1,92.339,100.0053,2.8
Güney Kore,2012-11-01,3.2,92.011,100.599,2.75
Güney Kore,2012-12-01,3.2,92.175,100.6533,2.75
Güney Kore,2013-01-01,3.2,92.728,102.111,2.76
Güney Kore,2013-02-01,3.1,93.038,100.0255,2.75
Güney Kore,2013-03-01,3.0,92.952,98.94345,2.74
Güney Kore,2013-04-01,3.0,92.823,99.66697,2.75
Güney Kore,2013-05-01,3.1,92.823,99.09028,2.55
Güney Kore,2013-06-01,3.1,92.71,99.12859,2.49
Güney Kore,2013-07-01,3.2,92.909,98.27313,2.48
Güney Kore,2013-08-01,3.2,93.238,99.52652,2.5
Güney Kore,2013-09-01,3.0,93.419,97.79646,2.5
Güney Kore,2013-10-01,3.1,93.134,101.1289,2.5
Güney Kore,2013-11-01,3.1,93.116,100.0426,2.5
Güney Kore,2013-12-01,3.3,93.229,101.4556,2.5
Güney Kore,2014-01-01,3.3,93.73,102.0684,2.5
Güney Kore,2014-02-01,3.5,93.98,101.4641,2.49
Güney Kore,2014-03-01,3.4,94.153,102.1684,2.48
Güney Kore,2014-04-01,3.6,94.214,102.4972,2.49
Güney Kore,2014-05-01,3.5,94.369,99.07219,2.49
Güney Kore,2014-06-01,3.5,94.248,101.563,2.48
Güney Kore,2014-07-01,3.5,94.386,102.3419,2.49
Güney Kore,2014-08-01,3.5,94.551,98.37634,2.34
Güney Kore,2014-09-01,3.5,94.49,98.03799,2.23
Güney Kore,2014-10-01,3.6,94.205,98.17311,2.06
Güney Kore,2014-11-01,3.6,94.015,98.44869,1.98
Güney Kore,2014-12-01,3.7,94.006,100.9778,1.99
Güney Kore,2015-01-01,3.6,94.643,99.1339,1.99
Güney Kore,2015-02-01,3.5,94.587,100.5809,1.99
Güney Kore,2015-03-01,3.5,94.596,99.48502,1.82
Güney Kore,2015-04-01,3.6,94.625,100.3266,1.73
Güney Kore,2015-05-01,3.6,94.89,97.71879,1.74
Güney Kore,2015-06-01,3.8,94.909,99.33926,1.57
Güney Kore,2015-07-01,3.8,95.08,98.68703,1.48
Güney Kore,2015-08-01,3.6,95.213,100.9108,1.49
Güney Kore,2015-09-01,3.5,94.966,102.1333,1.48
Güney Kore,2015-10-01,3.5,94.966,101.5205,1.48
Güney Kore,2015-11-01,3.6,94.786,100.5373,1.49
Güney Kore,2015-12-01,3.5,95.07,99.67973,1.48
Güney Kore,2016-01-01,3.6,95.232,99.98404,1.49
Güney Kore,2016-02-01,3.8,95.64,101.0853,1.49
Güney Kore,2016-03-01,3.7,95.393,101.8865,1.49
Güney Kore,2016-04-01,3.6,95.573,100.4458,1.49
Güney Kore,2016-05-01,3.5,95.63,103.1728,1.49
Güney Kore,2016-06-01,3.6,95.611,102.5323,1.28
Güney Kore,2016-07-01,3.6,95.431,102.1323,1.23
Güney Kore,2016-08-01,3.9,95.677,100.8172,1.23
Güney Kore,2016-09-01,3.9,96.247,101.0746,1.24
Güney Kore,2016-10-01,3.8,96.379,100.4192,1.23
Güney Kore,2016-11-01,3.7,96.237,105.07,1.23
Güney Kore,2016-12-01,3.5,96.342,103.823,1.22
Güney Kore,2017-01-01,3.5,97.366,106.5713,1.24
Güney Kore,2017-02-01,3.9,97.632,105.3487,1.23
Güney Kore,2017-03-01,3.6,97.565,107.0288,1.23
Güney Kore,2017-04-01,3.8,97.442,105.0359,1.23
Güney Kore,2017-05-01,3.5,97.546,105.4594,1.23
Güney Kore,2017-06-01,3.7,97.338,103.4442,1.24
Güney Kore,2017-07-01,3.6,97.499,104.5369,1.24
Güney Kore,2017-08-01,4.0,98.058,104.0475,1.23
Güney Kore,2017-09-01,3.7,98.172,105.1678,1.25
Güney Kore,2017-10-01,3.7,98.077,105.4009,1.24
Güney Kore,2017-11-01,3.7,97.347,105.6381,1.26
Güney Kore,2017-12-01,3.6,97.698,103.391,1.51
Güney Kore,2018-01-01,3.4,98.106,105.4296,1.49
Güney Kore,2018-02-01,3.7,98.855,106.0563,1.49
Güney Kore,2018-03-01,4.0,98.751,104.4518,1.49
Güney Kore,2018-04-01,3.8,98.931,107.5459,1.47
Güney Kore,2018-05-01,3.8,98.979,108.1119,1.5
Güney Kore,2018-06-01,3.6,98.779,107.3629,1.49
Güney Kore,2018-07-01,3.8,98.59,107.9044,1.49
Güney Kore,2018-08-01,4.6,99.462,108.3184,1.5
Güney Kore,2018-09-01,4.1,100.221,106.1627,1.54
Güney Kore,2018-10-01,4.0,100.041,108.4631,1.52
Güney Kore,2018-11-01,3.9,99.33,106.1584,1.51
Güney Kore,2018-12-01,3.7,98.988,103.9996,1.77
Güney Kore,2019-01-01,3.9,98.884,104.9965,1.75
Güney Kore,2019-02-01,3.8,99.311,101.613,1.76
Güney Kore,2019-03-01,3.8,99.121,103.7591,1.76
Güney Kore,2019-04-01,4.0,99.481,106.8032,1.75
Güney Kore,2019-05-01,3.8,99.652,105.9275,1.75
Güney Kore,2019-06-01,3.9,99.491,105.3668,1.76
Güney Kore,2019-07-01,4.0,99.187,108.1332,1.63
Güney Kore,2019-08-01,3.6,99.425,106.0042,1.51
Güney Kore,2019-09-01,3.6,99.794,108.5216,1.52
Güney Kore,2019-10-01,3.5,100.041,108.3524,1.35
Güney Kore,2019-11-01,3.7,99.481,108.0481,1.28
Güney Kore,2019-12-01,3.5,99.719,110.6464,1.28
Güney Kore,2020-01-01,3.4,100.09,106.7192,1.27
Güney Kore,2020-02-01,3.4,100.16,103.208,1.24
Güney Kore,2020-03-01,3.9,99.94,107.8896,0.98
Güney Kore,2020-04-01,3.9,99.5,104.5912,0.74
Güney Kore,2020-05-01,4.3,99.44,96.61116,0.7
Güney Kore,2020-06-01,4.2,99.71,102.7824,0.48
Güney Kore,2020-07-01,4.2,99.63,104.4848,0.48
Güney Kore,2020-08-01,3.9,100.19,106.0808,0.5
Güney Kore,2020-09-01,4.2,100.74,110.8688,0.48
Güney Kore,2020-10-01,4.3,100.18,110.3368,0.51
Güney Kore,2020-11-01,4.1,100.09,111.0816,0.49
Güney Kore,2020-12-01,4.1,100.33,112.1456,0.51
Güney Kore,2021-01-01,4.6,101.04,112.4648,0.49
Güney Kore,2021-02-01,4.1,101.58,115.7632,0.49
Güney Kore,2021-03-01,4.0,101.84,113.9544,0.49
Güney Kore,2021-04-01,3.8,101.98,113.4224,0.48
Güney Kore,2021-05-01,3.8,102.05,112.252,0.48
Güney Kore,2021-06-01,3.7,102.05,113.2096,0.51
Güney Kore,2021-07-01,3.3,102.26,115.1248,0.53
Güney Kore,2021-08-01,3.4,102.75,116.2952,0.56
Güney Kore,2021-09-01,3.1,103.17,115.1248,0.77
Güney Kore,2021-10-01,3.3,103.35,116.7208,0.74
Güney Kore,2021-11-01,3.1,103.87,117.572,0.796
Güney Kore,2021-12-01,3.2,104.04,122.5728,1.012
Güney Kore,2022-01-01,3.2,104.69,122.7856,1.188
Güney Kore,2022-02-01,2.9,105.3,121.0832,1.219
Güney Kore,2022-03-01,2.8,106.06,121.9343,1.244
Güney Kore,2022-04-01,2.8,106.85,120.0191,1.299
Güney Kore,2022-05-01,2.9,107.56,117.8912,1.505
Güney Kore,2022-06-01,2.9,108.22,119.8064,1.745
Güney Kore,2022-07-01,3.0,108.74,117.4656,1.971
Güney Kore,2022-08-01,2.8,108.62,114.1672,2.263
Güney Kore,2022-09-01,2.9,108.93,113.316,2.533
Güney Kore,2022-10-01,2.9,109.21,110.9752,2.959
Güney Kore,2022-11-01,2.8,109.1,110.7624,3.096
Güney Kore,2022-12-01,2.7,109.28,106.7192,3.235
Güney Kore,2023-01-01,2.7,110.1,109.1664,3.269
Güney Kore,2023-02-01,2.7,110.38,108.3152,3.425
Güney Kore,2023-03-01,2.7,110.56,112.1456,3.425
Güney Kore,2023-04-01,2.6,110.8,110.9752,3.467
Güney Kore,2023-05-01,2.5,111.13,114.912,3.57
Güney Kore,2023-06-01,2.6,111.12,112.5712,3.566
Güney Kore,2023-07-01,2.9,111.2,109.592,3.51
Güney Kore,2023-08-01,2.7,112.33,115.5504,3.538
Güney Kore,2023-09-01,2.8,112.99,117.7848,3.596
Güney Kore,2023-10-01,2.6,113.37,115.7632,3.517
Güney Kore,2023-11-01,2.8,112.74,117.572,3.572
Güney Kore,,2.8,,117.1464,3.639
Güney Kore,,2.8,,115.444,3.47
Güney Kore,,2.7,,118.7424,3.582
Güney Kore,,2.8,,114.912,3.467
Güney Kore,,2.8,,,3.518
Güney Kore,,2.8,,,3.53
Güney Kore,,2.8,,,3.547
Güney Kore,,2.7,,,3.518
Güney Kore,,2.6,,,3.531
Güney Kore,,2.6,,,3.529
Güney Kore,,2.8,,,3.321
Güney Kore,,2.8,,,3.245
Güney Kore,,3.1,,,3.055
Güney Kore,,2.8,,,3.053
Güney Kore,,2.8,,,2.965
Güney Kore,,2.8,,,2.754
Güney Kore,,2.7,,,2.769
Güney Kore,,2.7,,,2.738
Güney Kore,,2.7,,,2.52
Güney Kore,,2.7,,,2.5
Güney Kore,,2.8,,,2.506
Güney Kore,,2.7,,,2.526
Güney Kore,,2.7,,,2.516
Güney Kore,,2.8,,,2.512
Güney Kore,,3.3,,,2.53
Güney Kore,,3.0,,,2.531
Güney Kore,,,,,2.541
Japonya,2000-01-01,4.7,99.1601,103.0037,
Japonya,2000-02-01,4.9,98.85467000000001,102.8974,
Japonya,2000-03-01,4.9,99.05828,104.3856,
Japonya,2000-04-01,4.8,99.2619,105.9801,
Japonya,2000-05-01,4.6,99.36371,105.3423,
Japonya,2000-06-01,4.7,99.1601,106.7242,
Japonya,2000-07-01,4.7,98.85467000000001,106.5116,
Japonya,2000-08-01,4.6,99.1601,107.9997,
Japonya,2000-09-01,4.7,99.05828,105.7675,
Japonya,2000-10-01,4.7,99.05828,107.362,
Japonya,2000-11-01,4.7,98.75286,107.7871,
Japonya,2000-12-01,4.8,98.85467000000001,108.8501,
Japonya,2001-01-01,4.8,98.85467000000001,104.8108,
Japonya,2001-02-01,4.7,98.54925,105.7675,
Japonya,2001-03-01,4.8,98.44744,103.9604,
Japonya,2001-04-01,4.8,98.54925,103.2163,
Japonya,2001-05-01,4.9,98.65105,101.1966,
Japonya,2001-06-01,5.0,98.44744,100.1336,
Japonya,2001-07-01,5.0,98.14202,98.75174,
Japonya,2001-08-01,5.1,98.44744,97.36985,
Japonya,2001-09-01,5.3,98.34563,95.56277,
Japonya,2001-10-01,5.3,98.34563,95.56277,
Japonya,2001-11-01,5.4,97.8366,94.07458,
Japonya,2001-12-01,5.4,97.73479,95.03127,
Japonya,2002-01-01,5.2,97.53118,94.49978,
Japonya,2002-02-01,5.3,97.02214,95.66907,
Japonya,2002-03-01,5.3,97.22575,96.09426,
Japonya,2002-04-01,5.3,97.53118,95.98796,
Japonya,2002-05-01,5.4,97.8366,99.81473,
Japonya,2002-06-01,5.5,97.73479,98.64544,
Japonya,2002-07-01,5.4,97.32757,99.38953,
Japonya,2002-08-01,5.5,97.63299,99.81473,
Japonya,2002-09-01,5.4,97.63299,100.4525,
Japonya,2002-10-01,5.4,97.42937,100.4525,
Japonya,2002-11-01,5.2,97.42937,100.3462,
Japonya,2002-12-01,5.4,97.42937,100.2399,
Japonya,2003-01-01,5.4,97.12395,101.6218,0.1
Japonya,2003-02-01,5.2,96.81853,101.1871,0.09
Japonya,2003-03-01,5.4,97.12395,101.9479,0.08
Japonya,2003-04-01,5.5,97.42937,100.5349,0.08
Japonya,2003-05-01,5.4,97.63299,101.8392,0.08
Japonya,2003-06-01,5.4,97.32757,100.9697,0.09
Japonya,2003-07-01,5.2,97.12395,101.4044,0.09
Japonya,2003-08-01,5.1,97.32757,100.4263,0.09
Japonya,2003-09-01,5.2,97.42937,103.4695,0.09
Japonya,2003-10-01,5.1,97.42937,104.665,0.09
Japonya,2003-11-01,5.1,96.92033,104.8824,0.08
Japonya,2003-12-01,4.9,97.02214,104.5563,0.1
Japonya,2004-01-01,4.9,96.81853,106.404,0.09
Japonya,2004-02-01,5.0,96.81853,106.0779,0.09
Japonya,2004-03-01,4.8,97.02214,105.5345,0.08
Japonya,2004-04-01,4.8,97.02214,107.3822,0.08
Japonya,2004-05-01,4.7,97.12395,107.4909,0.08
Japonya,2004-06-01,4.7,97.32757,107.8169,0.09
Japonya,2004-07-01,4.9,97.02214,109.3385,0.09
Japonya,2004-08-01,4.8,97.12395,107.8169,0.09
Japonya,2004-09-01,4.6,97.42937,108.143,0.09
Japonya,2004-10-01,4.6,97.93841,106.0779,0.09
Japonya,2004-11-01,4.5,97.73479,107.3822,0.09
Japonya,2004-12-01,4.5,97.22575,105.9693,0.1
Japonya,2005-01-01,4.5,97.02214,108.4691,0.1
Japonya,2005-02-01,4.6,96.71672,108.4691,0.1
Japonya,2005-03-01,4.5,97.02214,108.7951,0.08
Japonya,2005-04-01,4.5,97.12395,109.2299,0.08
Japonya,2005-05-01,4.5,97.22575,108.3604,0.08
Japonya,2005-06-01,4.3,96.81853,108.7951,0.09
Japonya,2005-07-01,4.4,96.71672,108.143,0.09
Japonya,2005-08-01,4.3,96.81853,108.143,0.09
Japonya,2005-09-01,4.2,97.12395,109.0125,0.09
Japonya,2005-10-01,4.4,97.12395,108.0343,0.09
Japonya,2005-11-01,4.5,96.71672,110.208,0.09
Japonya,2005-12-01,4.4,96.81853,110.6428,0.1
Japonya,2006-01-01,4.4,96.92033,110.9688,0.1036
Japonya,2006-02-01,4.1,96.61491,110.7515,0.11
Japonya,2006-03-01,4.1,96.81853,111.5123,0.1255
Japonya,2006-04-01,4.1,97.02214,113.5773,0.14
Japonya,2006-05-01,4.1,97.32757,111.8383,0.27
Japonya,2006-06-01,4.2,97.32757,113.3599,0.35
Japonya,2006-07-01,4.1,97.02214,113.7947,0.44
Japonya,2006-08-01,4.1,97.73479,114.1208,0.432
Japonya,2006-09-01,4.1,97.73479,114.0121,0.436
Japonya,2006-10-01,4.1,97.53118,114.4468,0.447
Japonya,2006-11-01,4.0,97.02214,115.5337,0.502
Japonya,2006-12-01,4.0,97.12395,115.6424,0.54
Japonya,2007-01-01,4.0,96.92033,114.4468,0.54
Japonya,2007-02-01,4.0,96.4113,115.0989,0.66
Japonya,2007-03-01,4.0,96.71672,115.0989,0.66
Japonya,2007-04-01,3.8,97.02214,114.7729,0.65
Japonya,2007-05-01,3.8,97.32757,116.0771,0.67
Japonya,2007-06-01,3.7,97.12395,116.0771,0.73
Japonya,2007-07-01,3.6,97.02214,116.1858,0.77
Japonya,2007-08-01,3.7,97.53118,119.1203,0.84
Japonya,2007-09-01,3.9,97.53118,117.3813,0.85
Japonya,2007-10-01,4.0,97.73479,118.903,0.85
Japonya,2007-11-01,3.8,97.63299,117.7074,0.87
Japonya,2007-12-01,3.7,97.73479,118.3595,0.86
Japonya,2008-01-01,3.9,97.63299,119.1635,0.85
Japonya,2008-02-01,4.0,97.42937,119.4714,0.85
Japonya,2008-03-01,3.8,97.8366,118.2398,0.84
Japonya,2008-04-01,3.9,97.73479,117.7266,0.84
Japonya,2008-05-01,4.0,98.54925,118.3424,0.84
Japonya,2008-06-01,4.0,99.05828,115.1606,0.86
Japonya,2008-07-01,3.9,99.2619,115.1606,0.85
Japonya,2008-08-01,4.1,99.56732,110.9524,0.85
Japonya,2008-09-01,4.0,99.56732,112.3894,0.87
Japonya,2008-10-01,3.8,99.46552,109.926,0.89
Japonya,2008-11-01,4.0,98.54925,102.844,0.88
Japonya,2008-12-01,4.4,98.14202,94.53023,0.74
Japonya,2009-01-01,4.3,97.63299,86.93496,0.72
Japonya,2009-02-01,4.6,97.32757,79.64761,0.71
Japonya,2009-03-01,4.8,97.63299,80.36609,0.65
Japonya,2009-04-01,5.0,97.73479,83.8558,0.6
Japonya,2009-05-01,5.1,97.53118,86.93496,0.57
Japonya,2009-06-01,5.2,97.32757,88.3719,0.56
Japonya,2009-07-01,5.5,97.02214,89.39829,0.55
Japonya,2009-08-01,5.4,97.32757,90.73259,0.54
Japonya,2009-09-01,5.4,97.32757,93.50384,0.54
Japonya,2009-10-01,5.2,96.92033,96.0698,0.53
Japonya,2009-11-01,5.2,96.71672,98.01994,0.51
Japonya,2009-12-01,5.2,96.51311,98.84105,0.46
Japonya,2010-01-01,5.0,96.61491,101.0991,0.45
Japonya,2010-02-01,5.0,96.61491,101.407,0.44
Japonya,2010-03-01,5.1,96.81853,101.7149,0.43
Japonya,2010-04-01,5.1,96.81853,102.9466,0.4
Japonya,2010-05-01,5.1,96.81853,102.536,0.39
Japonya,2010-06-01,5.2,96.61491,101.9202,0.38
Japonya,2010-07-01,5.0,96.10588000000001,103.1519,0.37
Japonya,2010-08-01,5.1,96.20769000000001,103.6651,0.36
Japonya,2010-09-01,5.1,96.4113,104.9994,0.36
Japonya,2010-10-01,5.1,96.71672,102.0229,0.34
Japonya,2010-11-01,5.0,96.4113,103.7677,0.34
Japonya,2010-12-01,4.9,96.20769000000001,104.0756,0.34
Japonya,2011-01-01,4.8,96.10588000000001,104.7941,0.34
Japonya,2011-02-01,4.7,96.10588000000001,105.2046,0.34
Japonya,2011-03-01,4.7,96.30949,88.57718,0.33615
Japonya,2011-04-01,4.7,96.4113,90.2194,0.33286
Japonya,2011-05-01,4.6,96.4113,96.17244,0.33214
Japonya,2011-06-01,4.7,96.30949,100.0727,0.33214
Japonya,2011-07-01,4.7,96.30949,100.9965,0.33214
Japonya,2011-08-01,4.5,96.4113,102.536,0.32857
Japonya,2011-09-01,4.2,96.4113,101.9202,0.32929
Japonya,2011-10-01,4.4,96.51311,103.5624,0.32929
Japonya,2011-11-01,4.5,95.90227,101.5097,0.32929
Japonya,2011-12-01,4.5,96.00407000000001,103.5624,0.32929
Japonya,2012-01-01,4.5,96.20769000000001,103.8703,0.33077
Japonya,2012-02-01,4.5,96.4113,103.6651,0.33167
Japonya,2012-03-01,4.5,96.81853,103.4598,0.33167
Japonya,2012-04-01,4.5,96.92033,102.9466,0.33167
Japonya,2012-05-01,4.4,96.61491,101.0991,0.33167
Japonya,2012-06-01,4.3,96.10588000000001,100.3806,0.33455
Japonya,2012-07-01,4.3,95.80046,99.86744,0.32727
Japonya,2012-08-01,4.2,96.00407000000001,98.63577,0.32727
Japonya,2012-09-01,4.2,96.10588000000001,96.48036,0.32727
Japonya,2012-10-01,4.1,96.10588000000001,96.78828,0.32636
Japonya,2012-11-01,4.1,95.80046,96.0698,0.31818
Japonya,2012-12-01,4.3,95.80046,97.40411,0.30818
Japonya,2013-01-01,4.2,95.90227,95.39062,0.29182
Japonya,2013-02-01,4.3,95.69865,96.99046,0.26909
Japonya,2013-03-01,4.1,95.90227,97.89037,0.25
Japonya,2013-04-01,4.1,96.20769000000001,98.09035,0.22818
Japonya,2013-05-01,4.1,96.30949,99.5902,0.22818
Japonya,2013-06-01,3.9,96.30949,98.5903,0.22818
Japonya,2013-07-01,3.8,96.51311,100.0901,0.228
Japonya,2013-08-01,4.1,96.81853,100.3901,0.228
Japonya,2013-09-01,3.9,97.12395,101.19,0.228
Japonya,2013-10-01,4.0,97.22575,101.49,0.221
Japonya,2013-11-01,3.9,97.22575,101.89,0.22
Japonya,2013-12-01,3.7,97.32757,101.89,0.22
Japonya,2014-01-01,3.7,97.22575,103.5898,0.22
Japonya,2014-02-01,3.6,97.22575,102.8899,0.212
Japonya,2014-03-01,3.7,97.42937,104.2897,0.212
Japonya,2014-04-01,3.6,99.46552,99.79018,0.212
Japonya,2014-05-01,3.6,99.87274,101.89,0.21
Japonya,2014-06-01,3.7,99.77094,100.5901,0.21
Japonya,2014-07-01,3.7,99.87274,100.3901,0.21
Japonya,2014-08-01,3.5,100.0764,99.49021,0.21
Japonya,2014-09-01,3.5,100.28,100.5901,0.21
Japonya,2014-10-01,3.6,99.97455,100.5901,0.192
Japonya,2014-11-01,3.4,99.66913,100.5901,0.182
Japonya,2014-12-01,3.4,99.66913,100.1901,0.179
Japonya,2015-01-01,3.6,99.56732,102.6899,0.173
Japonya,2015-02-01,3.5,99.36371,99.79018,0.171
Japonya,2015-03-01,3.4,99.66913,99.29023,0.17
Japonya,2015-04-01,3.4,100.1782,99.69019,0.17
Japonya,2015-05-01,3.3,100.4836,99.69019,0.169
Japonya,2015-06-01,3.4,100.1782,100.4901,0.169
Japonya,2015-07-01,3.3,100.0764,100.3901,0.169
Japonya,2015-08-01,3.4,100.1782,98.79028,0.169
Japonya,2015-09-01,3.4,100.28,100.4901,0.169
Japonya,2015-10-01,3.2,100.28,100.5901,0.169
Japonya,2015-11-01,3.3,99.87274,99.99016,0.169
Japonya,2015-12-01,3.3,99.87274,98.09035,0.169
Japonya,2016-01-01,3.2,99.46552,100.2901,0.169
Japonya,2016-02-01,3.3,99.56732,99.49021,0.098
Japonya,2016-03-01,3.2,99.66913,99.89017,0.098
Japonya,2016-04-01,3.2,99.87274,99.19024,0.06
Japonya,2016-05-01,3.2,99.97455,98.69029,0.06
Japonya,2016-06-01,3.1,99.87274,99.19024,0.059
Japonya,2016-07-01,3.0,99.66913,99.69019,0.058
Japonya,2016-08-01,3.1,99.66913,100.5901,0.058
Japonya,2016-09-01,3.0,99.77094,100.9901,0.056
Japonya,2016-10-01,3.0,100.3818,101.09,0.056
Japonya,2016-11-01,3.0,100.3818,102.09,0.056
Japonya,2016-12-01,3.0,100.1782,101.49,0.056
Japonya,2017-01-01,3.0,99.97455,100.6901,0.056
Japonya,2017-02-01,2.9,99.87274,101.39,0.056
Japonya,2017-03-01,2.8,99.87274,101.49,0.056
Japonya,2017-04-01,2.8,100.28,103.7898,0.056
Japonya,2017-05-01,3.0,100.3818,102.1899,0.056
Japonya,2017-06-01,2.8,100.28,102.9899,0.056
Japonya,2017-07-01,2.8,100.0764,102.4899,0.075
Japonya,2017-08-01,2.8,100.28,103.7898,0.056
Japonya,2017-09-01,2.8,100.5854,102.5899,0.056
Japonya,2017-10-01,2.7,100.5854,103.1898,0.063
Japonya,2017-11-01,2.7,100.8908,103.9898,0.063
Japonya,2017-12-01,2.7,101.1962,105.4896,0.063
Japonya,2018-01-01,2.4,101.298,102.1546,0.068
Japonya,2018-02-01,2.5,101.298,104.1594,0.068
Japonya,2018-03-01,2.5,100.9926,105.1618,0.097
Japonya,2018-04-01,2.5,100.8908,103.8861,0.097
Japonya,2018-05-01,2.2,101.0944,104.1594,0.078
Japonya,2018-06-01,2.4,100.9926,103.7038,0.078
Japonya,2018-07-01,2.5,100.9926,103.5215,0.091
Japonya,2018-08-01,2.5,101.6035,103.8861,0.091
Japonya,2018-09-01,2.3,101.7053,102.1546,0.05
Japonya,2018-10-01,2.4,102.0107,105.8909,0.05
Japonya,2018-11-01,2.5,101.8071,104.3417,0.05
Japonya,2018-12-01,2.5,101.5017,104.4328,0.05
Japonya,2019-01-01,2.5,101.5017,101.9724,0.03
Japonya,2019-02-01,2.4,101.5017,103.5215,0.03
Japonya,2019-03-01,2.5,101.5017,102.7014,0.05
Japonya,2019-04-01,2.4,101.8071,102.5191,0.05
Japonya,2019-05-01,2.3,101.8071,103.6127,0.049
Japonya,2019-06-01,2.3,101.6035,102.3369,0.049
Japonya,2019-07-01,2.3,101.6035,102.2458,0.049
Japonya,2019-08-01,2.3,101.8071,101.2433,0.009
Japonya,2019-09-01,2.4,101.9089,102.428,0.009
Japonya,2019-10-01,2.4,102.2143,98.78288,0.009
Japonya,2019-11-01,2.3,102.3161,98.05386,0.018
Japonya,2019-12-01,2.2,102.3161,98.41837,0.021
Japonya,2020-01-01,2.4,102.3161,98.5095,0.021
Japonya,2020-02-01,2.4,102.1125,96.04903,0.021
Japonya,2020-03-01,2.5,102.1125,96.14017,0.006
Japonya,2020-04-01,2.6,102.0107,87.11848,-0.039
Japonya,2020-05-01,2.8,101.9089,79.73711,-0.042
Japonya,2020-06-01,2.8,101.7053,81.92418,-0.042
Japonya,2020-07-01,2.9,101.8071,86.57172,-0.065
Japonya,2020-08-01,3.0,101.9089,89.1233,-0.065
Japonya,2020-09-01,3.0,101.7053,91.03699,-0.055
Japonya,2020-10-01,3.1,101.6035,95.22888,-0.055
Japonya,2020-11-01,3.0,101.298,94.49986,-0.055
Japonya,2020-12-01,3.1,101.0944,94.40873,-0.055
Japonya,2021-01-01,3.0,,,
Japonya,2021-02-01,2.9,,,
Japonya,2021-03-01,2.7,,,
Japonya,2021-04-01,2.9,,,
Japonya,2021-05-01,2.9,,,
Japonya,2021-06-01,2.9,,,
Japonya,2021-07-01,2.8,,,
Japonya,2021-08-01,2.8,,,
Japonya,2021-09-01,2.7,,,
Japonya,2021-10-01,2.7,,,
Japonya,2021-11-01,2.8,,,
Japonya,2021-12-01,2.7,,,
Japonya,2022-01-01,2.8,,,
Japonya,2022-02-01,2.7,,,
Japonya,2022-03-01,2.6,,,
Japonya,2022-04-01,2.6,,,
Japonya,2022-05-01,2.6,,,
Japonya,2022-06-01,2.6,,,
Japonya,2022-07-01,2.5,,,
Japonya,2022-08-01,2.5,,,
Japonya,2022-09-01,2.6,,,
Japonya,2022-10-01,2.6,,,
Japonya,2022-11-01,2.5,,,
Japonya,2022-12-01,2.5,,,
Japonya,2023-01-01,2.5,,,
Japonya,2023-02-01,2.6,,,
Japonya,2023-03-01,2.7,,,
Japonya,2023-04-01,2.6,,,
Japonya,2023-05-01,2.5,,,
Japonya,2023-06-01,2.5,,,
Japonya,2023-07-01,2.6,,,
Japonya,2023-08-01,2.6,,,
Japonya,2023-09-01,2.6,,,
Japonya,2023-10-01,2.6,,,
Japonya,2023-11-01,2.6,,,
Japonya,2023-12-01,2.5,,,
Japonya,2024-01-01,2.5,,,
Japonya,2024-02-01,2.6,,,
Japonya,2024-03-01,2.6,,,
Japonya,2024-04-01,2.6,,,
Japonya,2024-05-01,2.6,,,
Japonya,2024-06-01,2.5,,,
Japonya,2024-07-01,2.6,,,
Japonya,2024-08-01,2.5,,,
Japonya,2024-09-01,2.4,,,
Japonya,2024-10-01,2.5,,,
Japonya,2024-11-01,2.5,,,
Japonya,2024-12-01,2.5,,,
Meksika,2000-01-01,,51.25897,84.69164,
Meksika,2000-02-01,,51.71365,85.45238,
Meksika,2000-03-01,,52.00035,86.82468,
Meksika,2000-04-01,,52.29621,85.63455,
Meksika,2000-05-01,,52.49171,86.35455,
Meksika,2000-06-01,,52.80263,87.77111,
Meksika,2000-07-01,,53.00861,92.43966,
Meksika,2000-08-01,,53.29988,87.48386,
Meksika,2000-09-01,,53.68924,87.08548,
Meksika,2000-10-01,,54.05894,87.80885,
Meksika,2000-11-01,2.27271,54.52116,86.42035,
Meksika,2000-12-01,2.5618,55.11141,84.31992,
Meksika,2001-01-01,2.581363,55.41693,89.20216,
Meksika,2001-02-01,3.15441,55.38026,87.2078,
Meksika,2001-03-01,2.6764,55.73114,85.53204,
Meksika,2001-04-01,2.715206,56.01226,85.86288,
Meksika,2001-05-01,2.789401,56.14079,86.26973,
Meksika,2001-06-01,2.745253,56.27358,85.12811,
Meksika,2001-07-01,2.827205,56.12737,84.93723,
Meksika,2001-08-01,2.316145,56.45991,84.15714,
Meksika,2001-09-01,2.515802,56.98549,84.75372,
Meksika,2001-10-01,2.877352,57.24303,82.97089,
Meksika,2001-11-01,2.89431,57.45867,82.8838,
Meksika,2001-12-01,3.101691,57.53824,81.92326,
Meksika,2002-01-01,3.40313,58.06939,82.72325,
Meksika,2002-02-01,2.990335,58.03206,80.0848,
Meksika,2002-03-01,3.034803,58.3289,82.31965,
Meksika,2002-04-01,3.064139,58.64753,82.9792,
Meksika,2002-05-01,3.138251,58.7664,81.38982,
Meksika,2002-06-01,3.048213,59.05293,82.1041,
Meksika,2002-07-01,2.913656,59.22245,82.47185,
Meksika,2002-08-01,2.787041,59.44762,83.04027,
Meksika,2002-09-01,2.896526,59.80519,82.72749,
Meksika,2002-10-01,2.804321,60.06879,83.40052,
Meksika,2002-11-01,2.918282,60.5546,84.39218,
Meksika,2002-12-01,2.736636,60.8182,82.23526,
Meksika,2003-01-01,2.918024,61.06406,80.5795,
Meksika,2003-02-01,2.952158,61.23368,82.15458,
Meksika,2003-03-01,3.131883,61.62021,81.78739,
Meksika,2003-04-01,3.100215,61.72541,82.27567,
Meksika,2003-05-01,3.199423,61.52624,82.46295,
Meksika,2003-06-01,3.277076,61.57707,83.15847,
Meksika,2003-07-01,3.582555,61.66631,82.54644,
Meksika,2003-08-01,3.674761,61.8513,82.21012,
Meksika,2003-09-01,3.825547,62.21951,82.35356,
Meksika,2003-10-01,3.777958,62.44764,82.62759,
Meksika,2003-11-01,3.951591,62.96596,82.04588,
Meksika,2003-12-01,3.406973,63.23665,83.60622,
Meksika,2004-01-01,3.799583,63.62967,82.34283,
Meksika,2004-02-01,4.027035,64.01029,82.70078,
Meksika,2004-03-01,3.926104,64.2272,84.50581,
Meksika,2004-04-01,3.995207,64.32412,84.38471,
Meksika,2004-05-01,3.890377,64.16277,84.06609,
Meksika,2004-06-01,3.96981,64.26561,84.67513,
Meksika,2004-07-01,3.799521,64.43405,84.81231,
Meksika,2004-08-01,4.005783,64.83181,85.06562,
Meksika,2004-09-01,3.848535,65.36786,84.36333,
Meksika,2004-10-01,3.903794,65.82058,84.36607,
Meksika,2004-11-01,3.817094,66.38205,84.40441,
Meksika,2004-12-01,4.034063,66.51917,85.58053,
Meksika,2005-01-01,3.975158,66.52153,85.01297,
Meksika,2005-02-01,3.703033,66.74316,85.90223,
Meksika,2005-03-01,3.591992,67.04399,85.11373,
Meksika,2005-04-01,3.818534,67.28276,85.35499,
Meksika,2005-05-01,3.752531,67.11373,85.91243,
Meksika,2005-06-01,3.944258,67.04931,84.30271,
Meksika,2005-07-01,3.782412,67.31172,84.74681,
Meksika,2005-08-01,3.333088,67.3921,85.98138,
Meksika,2005-09-01,3.426018,67.66219,87.47179,
Meksika,2005-10-01,3.411103,67.82827,88.22649,
Meksika,2005-11-01,3.204231,68.31645,88.79757,
Meksika,2005-12-01,3.19521,68.73608,89.73061,
Meksika,2006-01-01,3.338046,69.13915,90.48768,
Meksika,2006-02-01,3.594904,69.24494,89.68999,
Meksika,2006-03-01,3.456815,69.33183,89.95139,
Meksika,2006-04-01,3.403484,69.43348,90.06562,
Meksika,2006-05-01,3.279408,69.12437,91.69723,
Meksika,2006-06-01,3.595111,69.18407,91.85209,
Meksika,2006-07-01,3.641483,69.37379,91.94903,
Meksika,2006-08-01,3.676973,69.72781,90.76179,
Meksika,2006-09-01,3.721912,70.43171,90.64559,
Meksika,2006-10-01,3.703098,70.73963,90.91489,
Meksika,2006-11-01,3.825849,71.11079,91.52512,
Meksika,2006-12-01,3.878354,71.52214,90.53698,
Meksika,2007-01-01,3.743093,71.89153,90.47633,
Meksika,2007-02-01,3.877752,72.09247999999998,90.50065,
Meksika,2007-03-01,4.088524,72.2485,91.97207,
Meksika,2007-04-01,3.691625,72.20536,91.89217,
Meksika,2007-05-01,3.632856,71.85311,92.32752,
Meksika,2007-06-01,3.511337,71.9394,92.08309,
Meksika,2007-07-01,3.626812,72.24496,91.7069,
Meksika,2007-08-01,3.611686,72.53928,91.79917,
Meksika,2007-09-01,3.622642,73.10252,90.58705,
Meksika,2007-10-01,3.732736,73.3874,90.53868,
Meksika,2007-11-01,3.681421,73.90513,89.48862,
Meksika,2007-12-01,3.762841,74.21069,88.79144,
Meksika,2008-01-01,3.834737,74.55466,90.40598,
Meksika,2008-02-01,3.762437,74.77629,91.25668,
Meksika,2008-03-01,3.959803,75.31825,90.33231,
Meksika,2008-04-01,3.697944,75.48964999999998,90.86146,
Meksika,2008-05-01,3.573048,75.40809,89.91961,
Meksika,2008-06-01,3.801407,75.72015,90.97008,
Meksika,2008-07-01,3.826238,76.14213999999998,88.87444,
Meksika,2008-08-01,3.84637,76.58185,89.35197,
Meksika,2008-09-01,3.959694,77.10371999999998,89.5313,
Meksika,2008-10-01,3.908651,77.62914,88.85929,
Meksika,2008-11-01,4.708126,78.51152999999998,87.034,
Meksika,2008-12-01,4.778192,79.05526999999998,84.87038,
Meksika,2009-01-01,4.776784,79.23847999999998,78.65884,
Meksika,2009-02-01,5.103218,79.41342,78.60515,
Meksika,2009-03-01,5.06482,79.87027999999998,77.63121,
Meksika,2009-04-01,5.363848,80.14982999999998,78.20059,
Meksika,2009-05-01,5.73024,79.91638,76.41164,
Meksika,2009-06-01,5.478347,80.06355,76.92935,
Meksika,2009-07-01,5.703154,80.28163,79.87064,
Meksika,2009-08-01,5.838473,80.47370999999998,80.02671,
Meksika,2009-09-01,5.966423,80.87737,81.59962,
Meksika,2009-10-01,5.681849,81.12206,83.19714,
Meksika,2009-11-01,5.464932,81.54286,86.36981,
Meksika,2009-12-01,5.298382,81.88033,85.74207,
Meksika,2010-01-01,,82.77041,82.76318,
Meksika,2010-02-01,,83.24913999999998,84.45656,
Meksika,2010-03-01,,83.84015999999998,85.6291,
Meksika,2010-04-01,,83.57300999999998,86.11966,
Meksika,2010-05-01,,83.04641999999998,86.74275,
Meksika,2010-06-01,,83.02041,86.85697,
Meksika,2010-07-01,,83.20067,86.32268,
Meksika,2010-08-01,,83.43175999999998,87.73997,
Meksika,2010-09-01,,83.86911,86.72428,
Meksika,2010-10-01,,84.38684999999998,86.33049,
Meksika,2010-11-01,,85.06297,87.54452,
Meksika,2010-12-01,,85.48437,87.69453,
Meksika,2011-01-01,,85.90081999999998,87.27361,
Meksika,2011-02-01,,86.22307,87.91634,
Meksika,2011-03-01,,86.38848,88.66895,
Meksika,2011-04-01,,86.38162,87.53425,
Meksika,2011-05-01,,85.74482999999998,88.74889,
Meksika,2011-06-01,,85.74055,88.59562,
Meksika,2011-07-01,,86.15192999999998,89.20556,
Meksika,2011-08-01,,86.28821,89.16473,
Meksika,2011-09-01,,86.49989999999998,89.66531,
Meksika,2011-10-01,,87.08355,90.14362,
Meksika,2011-11-01,,88.02545,91.56226,
Meksika,2011-12-01,,88.74881,91.92348,
Meksika,2012-01-01,,89.37703,93.44341,
Meksika,2012-02-01,,89.55871999999998,93.19366,
Meksika,2012-03-01,,89.61015,93.34314,
Meksika,2012-04-01,,89.32903,93.76638,
Meksika,2012-05-01,,89.04707,93.12099,
Meksika,2012-06-01,,89.45758999999998,94.18691,
Meksika,2012-07-01,,89.95981999999998,94.05737,
Meksika,2012-08-01,,90.2298,92.81709,
Meksika,2012-09-01,,90.62747,94.38477,
Meksika,2012-10-01,,91.08599,91.71591,
Meksika,2012-11-01,,91.70479,93.03461,
Meksika,2012-12-01,,91.91563,93.78314,
Meksika,2013-01-01,,92.28587,92.47153,
Meksika,2013-02-01,,92.74011,93.25498,
Meksika,2013-03-01,,93.42061,92.50478,
Meksika,2013-04-01,,93.48232,92.20688,
Meksika,2013-05-01,,93.1712,93.41707,
Meksika,2013-06-01,,93.11464,93.04659,
Meksika,2013-07-01,,93.08379,93.16077,
Meksika,2013-08-01,,93.34862,93.7443,
Meksika,2013-09-01,,93.70001,92.64841,
Meksika,2013-10-01,,94.14568,93.57803,
Meksika,2013-11-01,,95.0233,93.29004,
Meksika,2013-12-01,,95.56839,92.94228,
Meksika,2014-01-01,,96.42287,94.41586,
Meksika,2014-02-01,,96.66713,93.98583,
Meksika,2014-03-01,,96.93196,96.12582,
Meksika,2014-04-01,,96.75112,96.75931,
Meksika,2014-05-01,,96.44173,97.18249,
Meksika,2014-06-01,,96.60885,97.26465,
Meksika,2014-07-01,,96.87453,97.73274,
Meksika,2014-08-01,,97.2225,95.73343,
Meksika,2014-09-01,,97.65189,96.80819,
Meksika,2014-10-01,,98.19183,97.91655,
Meksika,2014-11-01,,98.98375,98.43463,
Meksika,2014-12-01,,99.46884,97.8867,
Meksika,2015-01-01,,99.37885000000001,97.92463,
Meksika,2015-02-01,,99.56741,99.40434,
Meksika,2015-03-01,,99.97279,98.63958,
Meksika,2015-04-01,,99.71396,99.72813,
Meksika,2015-05-01,,99.21601,99.19996,
Meksika,2015-06-01,,99.38228,99.61794,
Meksika,2015-07-01,,99.52798000000001,99.6455,
Meksika,2015-08-01,,99.73795,100.1285,
Meksika,2015-09-01,,100.1116,101.8768,
Meksika,2015-10-01,,100.6267,102.0303,
Meksika,2015-11-01,,101.1761,100.7728,
Meksika,2015-12-01,,101.5883,101.4848,
Meksika,2016-01-01,,101.9757,100.8957,
Meksika,2016-02-01,,102.4222,100.7129,
Meksika,2016-03-01,,102.5731,99.89666,
Meksika,2016-04-01,,102.2483,99.49988,
Meksika,2016-05-01,,101.7923,99.99728,
Meksika,2016-06-01,,101.9046,100.3564,
Meksika,2016-07-01,,102.1703,100.4691,
Meksika,2016-08-01,,102.4582,100.9523,
Meksika,2016-09-01,,103.0839,100.5929,
Meksika,2016-10-01,,103.7095,101.2297,
Meksika,2016-11-01,,104.5203,102.0988,
Meksika,2016-12-01,,105.002,103.1232,
Meksika,2017-01-01,,106.7872,104.1666,
Meksika,2017-02-01,,107.4043,103.7908,
Meksika,2017-03-01,,108.0634,104.0233,
Meksika,2017-04-01,,108.1962,103.5328,
Meksika,2017-05-01,,108.0668,103.5617,
Meksika,2017-06-01,,108.3385,103.1297,
Meksika,2017-07-01,,108.7482,103.1843,
Meksika,2017-08-01,,109.2855,103.782,
Meksika,2017-09-01,,109.6275,101.898,
Meksika,2017-10-01,,110.3174,103.8908,
Meksika,2017-11-01,,111.4547,104.3836,
Meksika,2017-12-01,,112.1138,104.1646,
Meksika,2018-01-01,,112.7095,103.4755,
Meksika,2018-02-01,,113.1389,103.6108,
Meksika,2018-03-01,,113.5048,105.1535,
Meksika,2018-04-01,,113.12,102.0348,
Meksika,2018-05-01,,112.9366,105.394,
Meksika,2018-06-01,,113.3728,105.4583,
Meksika,2018-07-01,,113.9805,105.4998,
Meksika,2018-08-01,,114.6455,105.8722,
Meksika,2018-09-01,,115.1303,106.6442,
Meksika,2018-10-01,,115.727,105.3585,
Meksika,2018-11-01,,116.7115,106.2528,
Meksika,2018-12-01,,117.5295,104.6487,
Meksika,2019-01-01,,117.6299,104.9375,
Meksika,2019-02-01,,117.5968,105.8467,
Meksika,2019-03-01,,118.0498,104.7674,
Meksika,2019-04-01,,118.1125,105.5133,
Meksika,2019-05-01,,117.7725,105.8878,
Meksika,2019-06-01,,117.8478,106.2201,
Meksika,2019-07-01,,118.2905,106.1474,
Meksika,2019-08-01,,118.2711,105.3859,
Meksika,2019-09-01,,118.5814,106.4194,
Meksika,2019-10-01,,119.2214,103.1753,
Meksika,2019-11-01,,120.1831,102.74,
Meksika,2019-12-01,,120.8539,101.4533,
Meksika,2020-01-01,,121.4392,103.4838,
Meksika,2020-02-01,,121.9434,103.114,
Meksika,2020-03-01,,121.8853,98.74173,
Meksika,2020-04-01,,120.6497,71.10749,
Meksika,2020-05-01,,121.1141,71.92979,
Meksika,2020-06-01,,121.7769,91.53301,
Meksika,2020-07-01,,122.5766,96.89964,
Meksika,2020-08-01,,123.0592,99.26463,
Meksika,2020-09-01,,123.341,104.0153,
Meksika,2020-10-01,,124.0939,104.2664,
Meksika,2020-11-01,,124.1875,104.3427,
Meksika,2020-12-01,,124.6609,104.8053,
Meksika,2021-01-01,,125.7322,104.5309,
Meksika,2021-02-01,,126.5273,101.7152,
Meksika,2021-03-01,,127.5735,105.7069,
Meksika,2021-04-01,,127.991,105.0496,
Meksika,2021-05-01,,128.2523,104.0611,
Meksika,2021-06-01,,128.9357,104.7967,
Meksika,2021-07-01,,129.6932,104.7593,
Meksika,2021-08-01,,129.9408,104.4781,
Meksika,2021-09-01,,130.7416,102.5739,
Meksika,2021-10-01,,131.8368,104.7968,
Meksika,2021-11-01,,133.3462,105.7972,
Meksika,2021-12-01,,133.8299,107.5672,
Meksika,2022-01-01,,134.6216,108.4786,
Meksika,2022-02-01,,135.7385,109.16,
Meksika,2022-03-01,,137.0824,109.02,
Meksika,2022-04-01,,137.824,109.6689,
Meksika,2022-05-01,,138.067,110.526,
Meksika,2022-06-01,,139.2329,109.6439,
Meksika,2022-07-01,,140.2642,110.7829,
Meksika,2022-08-01,,141.2396,112.0224,
Meksika,2022-09-01,,142.1158,111.0557,
Meksika,2022-10-01,,142.9201,111.56,
Meksika,2022-11-01,,143.7426,111.813,
Meksika,2022-12-01,,144.2914,112.6965,
Meksika,2023-01-01,,145.2702,112.0372,
Meksika,2023-02-01,,146.0802,111.1121,
Meksika,2023-03-01,,146.4715,110.4974,
Meksika,2023-04-01,,146.4419,111.9015,
Meksika,2023-05-01,,146.1236,111.4941,
Meksika,2023-06-01,,146.2719,111.8031,
Meksika,2023-07-01,,146.9769,111.9322,
Meksika,2023-08-01,,147.7904,110.8389,
Meksika,2023-09-01,,148.4463,112.7299,
Meksika,2023-10-01,,149.0042,112.1717,
Meksika,2023-11-01,,149.958,111.664,
Meksika,2023-12-01,,151.0167,110.4011,
Meksika,2024-01-01,,152.3651,110.5318,
Meksika,2024-02-01,,152.5089,111.3321,
Meksika,2024-03-01,,152.947,112.2002,
Meksika,2024-04-01,,153.2561,,
Meksika,2024-05-01,,152.9721,,
Meksika,2024-06-01,,153.5505,,
Meksika,2024-07-01,,155.1579,,
Polonya,2000-01-01,15.5,67.87029,46.09072,
Polonya,2000-02-01,15.8,68.43295,45.95396,
Polonya,2000-03-01,16.1,69.06594,45.40688,
Polonya,2000-04-01,16.2,69.34727,48.14224,
Polonya,2000-05-01,16.3,69.83959,47.8687,
Polonya,2000-06-01,16.1,70.33191,47.8687,
Polonya,2000-07-01,16.0,70.82423,48.68931,
Polonya,2000-08-01,15.9,70.61324,47.73193,
Polonya,2000-09-01,16.0,71.31656,48.14224,
Polonya,2000-10-01,16.2,71.87921,48.41578,
Polonya,2000-11-01,16.5,72.16055,47.59517,
Polonya,2000-12-01,16.8,72.30120999999998,50.19376,21.5
Polonya,2001-01-01,17.1,72.86386,48.27901,21.5
Polonya,2001-02-01,17.4,72.9342,48.55254,21.5
Polonya,2001-03-01,17.7,73.28584999999998,48.68931,19.5
Polonya,2001-04-01,18.1,73.84851,48.14224,19.5
Polonya,2001-05-01,18.4,74.69249,47.8687,19.5
Polonya,2001-06-01,18.5,74.62215999999998,47.73193,18.0
Polonya,2001-07-01,18.4,74.41115999999998,47.59517,18.0
Polonya,2001-08-01,18.4,74.20015999999998,48.14224,17.0
Polonya,2001-09-01,18.6,74.41115999999998,48.41578,17.0
Polonya,2001-10-01,18.8,74.69249,47.32163,15.5
Polonya,2001-11-01,19.1,74.76282999999998,46.63779,14.0
Polonya,2001-12-01,19.2,74.90349,48.55254,14.0
Polonya,2002-01-01,19.4,75.53647999999998,48.14224,12.0
Polonya,2002-02-01,19.4,75.6068,48.55254,12.0
Polonya,2002-03-01,19.6,75.74747,48.68931,12.0
Polonya,2002-04-01,19.9,76.09913,46.63779,11.0
Polonya,2002-05-01,19.8,75.95847,48.14224,10.5
Polonya,2002-06-01,20.2,75.67713999999998,48.82608,10.0
Polonya,2002-07-01,20.4,75.32548,48.14224,10.0
Polonya,2002-08-01,20.5,75.04415,49.50991,9.0
Polonya,2002-09-01,20.5,75.25513999999998,49.64668,8.5
Polonya,2002-10-01,20.4,75.46613999999998,48.55254,7.75
Polonya,2002-11-01,20.3,75.39580999999998,51.56143,7.5
Polonya,2002-12-01,20.1,75.46613999999998,49.92022,7.5
Polonya,2003-01-01,19.9,75.74747,49.50991,7.25
Polonya,2003-02-01,19.8,75.8178,50.33052,6.75
Polonya,2003-03-01,19.6,76.02879,51.15113,6.5
Polonya,2003-04-01,19.5,76.16946,50.33052,6.25
Polonya,2003-05-01,19.5,76.16946,51.42466,6.0
Polonya,2003-06-01,19.7,76.09913,52.65557,5.75
Polonya,2003-07-01,19.9,75.8178,53.33941,5.75
Polonya,2003-08-01,20.0,75.53647999999998,55.11739,5.75
Polonya,2003-09-01,19.9,75.88813,53.47618,5.75
Polonya,2003-10-01,19.8,76.31013,54.70709,5.75
Polonya,2003-11-01,19.7,76.52111999999998,55.938,5.75
Polonya,2003-12-01,19.8,76.66177999999998,56.21153,5.75
Polonya,2004-01-01,20.0,76.94311999999998,58.12628,5.75
Polonya,2004-02-01,19.9,77.01344,58.12628,5.75
Polonya,2004-03-01,19.8,77.22444,58.94689,5.75
Polonya,2004-04-01,19.5,77.85742999999998,60.86164,5.75
Polonya,2004-05-01,19.3,78.63107999999998,59.76749,5.75
Polonya,2004-06-01,19.2,79.3344,58.67335,5.75
Polonya,2004-07-01,19.0,79.26407,58.81012,6.5
Polonya,2004-08-01,18.9,78.91240999999998,58.67335,7.0
Polonya,2004-09-01,18.7,79.1234,59.08366,7.0
Polonya,2004-10-01,18.6,79.61571999999998,60.31457,7.0
Polonya,2004-11-01,18.4,79.82671999999998,60.04103,7.0
Polonya,2004-12-01,18.3,79.89704999999998,56.48507,7.0
Polonya,2005-01-01,18.1,79.96738,60.72487,7.0
Polonya,2005-02-01,18.2,79.89704999999998,60.45133,7.0
Polonya,2005-03-01,18.3,79.96738,58.81012,6.5
Polonya,2005-04-01,18.4,80.31905,60.1778,6.0
Polonya,2005-05-01,18.4,80.53004,60.45133,6.0
Polonya,2005-06-01,18.4,80.38937,60.72487,5.5
Polonya,2005-07-01,18.2,80.24871,62.22931,5.25
Polonya,2005-08-01,18.0,80.17838,62.22931,5.25
Polonya,2005-09-01,17.8,80.53004,62.63962,4.75
Polonya,2005-10-01,17.5,80.88169999999998,64.69113,4.75
Polonya,2005-11-01,17.1,80.74104,65.78528,4.75
Polonya,2005-12-01,16.6,80.60037,66.60588,4.75
Polonya,2006-01-01,16.0,80.74888,64.8279,4.75
Polonya,2006-02-01,15.4,80.74888,66.33234,4.5
Polonya,2006-03-01,15.1,80.66747999999998,66.60588,4.25
Polonya,2006-04-01,14.7,81.15587999999998,68.52063,4.25
Polonya,2006-05-01,14.4,81.64427999999998,69.478,4.25
Polonya,2006-06-01,14.0,81.40008,70.16184,4.25
Polonya,2006-07-01,13.8,81.48148,71.11922,4.25
Polonya,2006-08-01,13.5,81.72569,70.57214,4.25
Polonya,2006-09-01,13.2,81.80708,71.93982,4.25
Polonya,2006-10-01,12.9,81.72569,71.93982,4.25
Polonya,2006-11-01,12.4,81.80708,71.66629,4.25
Polonya,2006-12-01,11.9,81.72569,75.22224,4.25
Polonya,2007-01-01,11.3,82.05128,73.85457,4.25
Polonya,2007-02-01,10.7,82.29547999999998,73.85457,4.25
Polonya,2007-03-01,10.3,82.70247999999998,75.76932,4.25
Polonya,2007-04-01,10.0,83.10948,74.67518,4.5
Polonya,2007-05-01,9.7,83.51649,75.35902,4.5
Polonya,2007-06-01,9.5,83.51649,76.17962,4.75
Polonya,2007-07-01,9.4,83.27229,76.58993,4.75
Polonya,2007-08-01,9.3,82.94669,76.86346,5.0
Polonya,2007-09-01,9.2,83.59789,77.68407,5.0
Polonya,2007-10-01,8.9,84.08628,78.23114,5.0
Polonya,2007-11-01,8.7,84.65608,78.50467,5.25
Polonya,2007-12-01,8.3,84.90027999999998,80.28265,5.25
Polonya,2008-01-01,7.8,85.47009,81.65033,5.5
Polonya,2008-02-01,7.5,85.79568,81.37679,5.75
Polonya,2008-03-01,7.3,86.12128,79.87235,6.0
Polonya,2008-04-01,7.2,86.44687999999998,80.96649,6.0
Polonya,2008-05-01,7.2,87.09807999999998,78.23114,6.0
Polonya,2008-06-01,7.0,87.26089,78.3679,6.25
Polonya,2008-07-01,6.9,87.26089,77.82083,6.25
Polonya,2008-08-01,6.8,86.93528999999998,77.5473,6.25
Polonya,2008-09-01,6.7,87.17949,77.13699,6.25
Polonya,2008-10-01,6.6,87.50508999999998,76.04285,6.25
Polonya,2008-11-01,6.8,87.66787999999998,73.7178,6.0
Polonya,2008-12-01,7.0,87.58648999999998,73.3075,5.25
Polonya,2009-01-01,7.4,87.99348,72.07659,4.5
Polonya,2009-02-01,7.5,88.80749,73.03397,4.25
Polonya,2009-03-01,7.7,89.45869,73.99134,4.0
Polonya,2009-04-01,7.8,90.10989,73.3075,4.0
Polonya,2009-05-01,7.9,90.59829,73.99134,4.0
Polonya,2009-06-01,8.1,90.76109,74.26487,3.75
Polonya,2009-07-01,8.3,90.84249,74.40164,3.75
Polonya,2009-08-01,8.4,90.51689,75.63255,3.75
Polonya,2009-09-01,8.4,90.51689,75.63255,3.75
Polonya,2009-10-01,8.4,90.59829,76.72669,3.75
Polonya,2009-11-01,8.7,90.84249,78.09437,3.75
Polonya,2009-12-01,9.1,90.84249,77.13699,3.75
Polonya,2010-01-01,10.3,91.41229,80.14589,3.75
Polonya,2010-02-01,10.3,91.57509,79.73558,3.75
Polonya,2010-03-01,10.3,91.81929,81.65033,3.75
Polonya,2010-04-01,10.1,92.2263,80.69296,3.75
Polonya,2010-05-01,10.0,92.47049,83.42831,3.75
Polonya,2010-06-01,9.9,92.71469,85.06953,3.75
Polonya,2010-07-01,9.8,92.5519,84.52245,3.75
Polonya,2010-08-01,9.8,92.14489,83.56508,3.75
Polonya,2010-09-01,9.8,92.71469,84.79599,3.75
Polonya,2010-10-01,9.8,93.20309,85.20629,3.75
Polonya,2010-11-01,9.8,93.28449,85.47983,3.75
Polonya,2010-12-01,9.8,93.69149,83.70184,3.75
Polonya,2011-01-01,9.7,94.83109,86.16367,4.0
Polonya,2011-02-01,9.7,94.9939,88.07841,4.0
Polonya,2011-03-01,9.8,95.8893,87.39458,4.0
Polonya,2011-04-01,9.9,96.37769,88.35195,4.25
Polonya,2011-05-01,9.9,96.94749,87.80488,4.5
Polonya,2011-06-01,9.9,96.5405,87.39458,4.75
Polonya,2011-07-01,9.9,96.2149,88.07841,4.75
Polonya,2011-08-01,10.0,96.2149,89.99316,4.75
Polonya,2011-09-01,10.1,96.2963,90.81377,4.75
Polonya,2011-10-01,10.2,96.94749,90.40347,4.75
Polonya,2011-11-01,10.2,97.59869,91.90791,4.75
Polonya,2011-12-01,10.2,98.0057,93.95943,4.75
Polonya,2012-01-01,10.2,98.6569,91.0873,4.75
Polonya,2012-02-01,10.2,99.0639,89.30933,4.75
Polonya,2012-03-01,10.2,99.5523,90.54023,4.75
Polonya,2012-04-01,10.2,100.1221,90.54023,4.75
Polonya,2012-05-01,10.3,100.2849,91.63438,5.0
Polonya,2012-06-01,10.4,100.4477,90.54023,5.0
Polonya,2012-07-01,10.5,99.9593,90.40347,5.0
Polonya,2012-08-01,10.5,99.6337,90.2667,5.0
Polonya,2012-09-01,10.5,99.7151,90.2667,5.0
Polonya,2012-10-01,10.5,100.1221,90.40347,5.0
Polonya,2012-11-01,10.6,100.2035,89.17255,4.75
Polonya,2012-12-01,10.6,100.2849,89.71963,4.5
Polonya,2013-01-01,10.9,100.3663,89.44609,4.25
Polonya,2013-02-01,10.9,100.3663,90.54023,4.0
Polonya,2013-03-01,11.0,100.5291,89.85639,3.5
Polonya,2013-04-01,11.0,100.9361,90.95054,3.5
Polonya,2013-05-01,10.9,100.8547,92.18144,3.25
Polonya,2013-06-01,10.7,100.8547,93.00205,3.0
Polonya,2013-07-01,10.6,101.1803,93.82265,2.75
Polonya,2013-08-01,10.4,100.8547,94.64326,2.75
Polonya,2013-09-01,10.3,100.9361,93.95943,2.75
Polonya,2013-10-01,10.2,101.0989,94.64326,2.75
Polonya,2013-11-01,10.2,100.9361,95.87418,2.75
Polonya,2013-12-01,10.2,101.0175,93.13882,2.75
Polonya,2014-01-01,10.4,101.0989,94.9168,2.75
Polonya,2014-02-01,10.3,101.1803,94.64326,2.75
Polonya,2014-03-01,10.1,101.2617,94.36973,2.75
Polonya,2014-04-01,9.8,101.2617,95.87418,2.75
Polonya,2014-05-01,9.5,101.1803,94.5065,2.75
Polonya,2014-06-01,9.2,101.1803,94.78003,2.75
Polonya,2014-07-01,8.9,101.0175,96.42124,2.75
Polonya,2014-08-01,8.6,100.6105,95.60064,2.75
Polonya,2014-09-01,8.5,100.6105,96.28448,2.75
Polonya,2014-10-01,8.4,100.6105,96.55801,2.25
Polonya,2014-11-01,8.4,100.4477,96.14771,2.25
Polonya,2014-12-01,8.4,100.1221,97.92569,2.25
Polonya,2015-01-01,8.4,99.9593,98.47276,2.25
Polonya,2015-02-01,8.3,99.8779,98.88306,2.25
Polonya,2015-03-01,8.1,100.0407,100.114,1.75
Polonya,2015-04-01,7.9,100.4477,97.92569,1.75
Polonya,2015-05-01,7.7,100.4477,99.1566,1.75
Polonya,2015-06-01,7.6,100.4477,99.43014,1.75
Polonya,2015-07-01,7.5,100.3663,100.661,1.75
Polonya,2015-08-01,7.5,99.9593,98.74629,1.75
Polonya,2015-09-01,7.4,99.6337,100.661,1.75
Polonya,2015-10-01,7.3,99.7151,101.4817,1.75
Polonya,2015-11-01,7.2,99.6337,101.6184,1.75
Polonya,2015-12-01,7.0,99.4709,102.0287,1.75
Polonya,2016-01-01,6.8,98.9825,101.7552,1.75
Polonya,2016-02-01,6.7,98.90110000000001,102.3023,1.75
Polonya,2016-03-01,6.6,98.9825,100.2507,1.75
Polonya,2016-04-01,6.5,99.3081,103.6699,1.75
Polonya,2016-05-01,6.4,99.3895,102.0287,1.75
Polonya,2016-06-01,6.4,99.5523,103.2596,1.75
Polonya,2016-07-01,6.3,99.2267,102.3023,1.75
Polonya,2016-08-01,6.2,99.0639,103.6699,1.75
Polonya,2016-09-01,6.1,99.0639,104.3538,1.75
Polonya,2016-10-01,5.9,99.5523,102.1655,1.75
Polonya,2016-11-01,5.7,99.6337,104.7641,1.75
Polonya,2016-12-01,5.5,100.3663,106.6788,1.75
Polonya,2017-01-01,5.3,100.7733,106.5421,1.75
Polonya,2017-02-01,5.1,101.0989,106.4053,1.75
Polonya,2017-03-01,5.1,101.0175,109.2774,1.75
Polonya,2017-04-01,5.2,101.3431,107.3627,1.75
Polonya,2017-05-01,5.2,101.3431,108.8671,1.75
Polonya,2017-06-01,5.1,101.1803,109.9613,1.75
Polonya,2017-07-01,4.9,101.0175,108.7303,1.75
Polonya,2017-08-01,4.9,100.9361,112.6966,1.75
Polonya,2017-09-01,4.8,101.3431,111.6025,1.75
Polonya,2017-10-01,4.7,101.8315,112.8334,1.75
Polonya,2017-11-01,4.6,102.3199,112.6966,1.75
Polonya,2017-12-01,4.4,102.5641,114.6114,1.75
Polonya,2018-01-01,4.1,102.8897,113.654,1.75
Polonya,2018-02-01,3.9,102.6455,113.9275,1.75
Polonya,2018-03-01,3.8,102.5641,112.6966,1.75
Polonya,2018-04-01,3.8,103.0525,114.7481,1.75
Polonya,2018-05-01,3.7,103.2967,116.1158,1.75
Polonya,2018-06-01,3.8,103.3781,117.4835,1.75
Polonya,2018-07-01,3.9,103.1339,116.9364,1.75
Polonya,2018-08-01,3.9,103.1339,118.8512,1.75
Polonya,2018-09-01,4.0,103.3781,117.0732,1.75
Polonya,2018-10-01,4.0,103.7851,119.1247,1.75
Polonya,2018-11-01,3.9,103.7851,118.5776,1.75
Polonya,2018-12-01,3.9,103.7851,118.7144,1.75
Polonya,2019-01-01,3.7,103.5409,120.6291,1.75
Polonya,2019-02-01,3.6,103.9479,121.0394,1.75
Polonya,2019-03-01,3.5,104.2735,120.2188,1.75
Polonya,2019-04-01,3.4,105.4131,122.5439,1.75
Polonya,2019-05-01,3.3,105.6573,122.2703,1.75
Polonya,2019-06-01,3.2,105.9829,118.4408,1.75
Polonya,2019-07-01,3.2,105.9829,120.9027,1.75
Polonya,2019-08-01,3.1,105.9829,120.2188,1.75
Polonya,2019-09-01,3.1,105.9829,121.5865,1.75
Polonya,2019-10-01,3.0,106.2271,123.7748,1.75
Polonya,2019-11-01,3.0,106.3085,123.9116,1.75
Polonya,2019-12-01,2.9,107.1225,121.7233,1.75
Polonya,2020-01-01,2.9,108.0993,124.7322,1.75
Polonya,2020-02-01,2.8,108.8319,126.2366,1.75
Polonya,2020-03-01,2.9,109.0761,113.2437,1.05
Polonya,2020-04-01,3.1,108.9947,91.77114,0.55
Polonya,2020-05-01,3.3,108.7505,103.2596,0.11
Polonya,2020-06-01,3.4,109.4017,114.0643,0.11
Polonya,2020-07-01,3.4,109.1575,121.7233,0.11
Polonya,2020-08-01,3.4,109.0761,122.5439,0.11
Polonya,2020-09-01,3.3,109.3203,126.0998,0.11
Polonya,2020-10-01,3.2,109.4017,127.0572,0.11
Polonya,2020-11-01,3.2,109.4831,128.1514,0.11
Polonya,2020-12-01,3.3,109.5645,129.9293,0.11
Polonya,2021-01-01,3.6,110.9483,130.0661,0.11
Polonya,2021-02-01,3.8,111.5181,129.9293,0.11
Polonya,2021-03-01,3.9,112.6577,132.8015,0.11
Polonya,2021-04-01,3.8,113.5531,133.6221,0.11
Polonya,2021-05-01,3.7,113.8787,134.1691,0.11
Polonya,2021-06-01,3.5,113.9601,135.6736,0.11
Polonya,2021-07-01,3.3,114.4485,136.631,0.11
Polonya,2021-08-01,3.1,114.7741,136.2207,0.1
Polonya,2021-09-01,3.0,115.5881,137.4516,0.1
Polonya,2021-10-01,3.0,116.8905,139.6398,0.23
Polonya,2021-11-01,3.0,118.0301,147.2988,0.91
Polonya,2021-12-01,2.9,119.0883,147.8459,1.39
Polonya,2022-01-01,2.9,121.3675,148.94,1.96
Polonya,2022-02-01,2.8,121.0419,151.1283,2.43
Polonya,2022-03-01,2.8,125.0305,154.0005,3.16
Polonya,2022-04-01,2.8,127.5539,152.6328,4.2
Polonya,2022-05-01,2.8,129.7517,152.0857,5.06
Polonya,2022-06-01,2.8,131.7053,150.3077,5.72
Polonya,2022-07-01,2.9,132.3565,149.6239,6.43
Polonya,2022-08-01,3.0,133.4147,150.718,6.5
Polonya,2022-09-01,3.0,135.5311,151.2651,6.68
Polonya,2022-10-01,3.0,137.9731,148.8033,6.64
Polonya,2022-11-01,2.9,138.9499,152.0857,6.67
Polonya,2022-12-01,2.8,139.1127,151.9489,6.58
Polonya,2023-01-01,2.7,142.6129,150.3077,6.58
Polonya,2023-02-01,2.6,144.3223,149.8974,6.61
Polonya,2023-03-01,2.7,145.9503,148.94,6.56
Polonya,2023-04-01,2.7,147.0085,147.1621,6.59
Polonya,2023-05-01,2.8,147.0085,148.5297,6.74
Polonya,2023-06-01,2.8,147.0085,149.4871,6.71
Polonya,2023-07-01,2.8,146.683,148.1194,6.79
Polonya,2023-08-01,2.8,146.683,149.3504,6.66
Polonya,2023-09-01,2.9,146.1131,150.0342,5.95
Polonya,2023-10-01,3.1,146.5201,151.1283,5.69
Polonya,2023-11-01,3.1,147.5784,150.5813,5.63
Polonya,2023-12-01,3.1,147.7411,150.8548,5.54
Polonya,2024-01-01,2.9,148.3109,151.5386,5.55
Polonya,2024-02-01,2.9,148.7179,151.5386,5.6
Polonya,2024-03-01,2.8,149.0435,143.8796,5.59
Polonya,2024-04-01,2.8,150.6716,,5.65
Polonya,2024-05-01,2.9,150.8344,,5.63
Polonya,2024-06-01,2.9,150.9971,,5.59
Polonya,2024-07-01,3.0,153.1136,,5.66
Polonya,2024-08-01,3.0,153.2764,,5.72
Polonya,2024-09-01,3.0,153.4391,,5.61
Polonya,2024-10-01,2.8,153.9276,,5.64
Polonya,2024-11-01,2.8,154.6602,,5.7
Polonya,2024-12-01,2.9,154.6602,,5.61
Polonya,2025-01-01,3.0,156.2068,,5.7
Polonya,2025-02-01,3.1,156.6952,,5.68
Polonya,2025-03-01,3.2,157.0208,,5.69
Polonya,2025-04-01,3.1,,,5.72
Polonya,2025-05-01,3.0,,,5.38
Polonya,2025-06-01,3.1,,,5.25
Polonya,2025-07-01,3.2,,,5.05
Polonya,2025-08-01,3.2,,,5.03
Polonya,2025-09-01,3.2,,,4.78
Polonya,2025-10-01,3.2,,,4.61
Polonya,2025-11-01,3.2,,,4.34
Polonya,2025-12-01,3.2,,,3.94
Polonya,2026-01-01,3.1,,,3.96
Polonya,2026-02-01,,,,3.98
Türkiye,2000-01-01,,11.45,41.13284,60.0
Türkiye,2000-02-01,,11.85,42.61632,60.0
Türkiye,2000-03-01,,12.22,41.80715,60.0
Türkiye,2000-04-01,,12.52,42.88604,60.0
Türkiye,2000-05-01,,12.79,43.56035,60.0
Türkiye,2000-06-01,,12.84,44.0998,60.0
Türkiye,2000-07-01,,13.1,44.36952,60.0
Türkiye,2000-08-01,,13.34,45.44841,60.0
Türkiye,2000-09-01,,13.73,43.56035,60.0
Türkiye,2000-10-01,,14.17,44.23466,60.0
Türkiye,2000-11-01,,14.69,44.77411,60.0
Türkiye,2000-12-01,,14.98,43.0209,60.0
Türkiye,2001-01-01,,15.37,41.40256,60.0
Türkiye,2001-02-01,,15.59,41.80715,60.0
Türkiye,2001-03-01,,16.69,39.37963,60.0
Türkiye,2001-04-01,,18.67,39.24477,60.0
Türkiye,2001-05-01,,19.69,39.10991,60.0
Türkiye,2001-06-01,,20.37,39.37963,60.0
Türkiye,2001-07-01,,20.83,39.91908,60.0
Türkiye,2001-08-01,,21.44,40.99798,60.0
Türkiye,2001-09-01,,22.8,40.86311,60.0
Türkiye,2001-10-01,,24.28,38.57047,60.0
Türkiye,2001-11-01,,25.37,39.24477,60.0
Türkiye,2001-12-01,,26.15,39.10991,60.0
Türkiye,2002-01-01,,27.75,40.45853,60.0
Türkiye,2002-02-01,,28.13,42.88604,60.0
Türkiye,2002-03-01,,28.42,43.29063,60.0
Türkiye,2002-04-01,,29.04,44.0998,60.0
Türkiye,2002-05-01,,29.16,42.75118,55.0
Türkiye,2002-06-01,,29.29,43.15577,55.0
Türkiye,2002-07-01,,29.7,43.56035,55.0
Türkiye,2002-08-01,,30.36,43.83007,55.0
Türkiye,2002-09-01,,31.42,44.90897,55.0
Türkiye,2002-10-01,,32.5,43.96494,55.0
Türkiye,2002-11-01,,33.53,43.0209,55.0
Türkiye,2002-12-01,,34.06,45.58328,55.0
Türkiye,2003-01-01,,34.95,46.9319,55.0
Türkiye,2003-02-01,,35.79,45.58328,55.0
Türkiye,2003-03-01,,36.94,46.39245,55.0
Türkiye,2003-04-01,,37.76,44.90897,55.0
Türkiye,2003-05-01,,38.38,44.90897,55.0
Türkiye,2003-06-01,,38.25,46.79703,50.0
Türkiye,2003-07-01,,37.99,47.87593,50.0
Türkiye,2003-08-01,,37.96,49.08968,50.0
Türkiye,2003-09-01,,38.56,49.08968,50.0
Türkiye,2003-10-01,,39.05,48.55024,43.0
Türkiye,2003-11-01,,39.71,48.41537,43.0
Türkiye,2003-12-01,,39.98,49.35941,43.0
Türkiye,2004-01-01,,40.29,50.03371,43.0
Türkiye,2004-02-01,,40.5,50.4383,43.0
Türkiye,2004-03-01,,40.88,50.70802,43.0
Türkiye,2004-04-01,,41.09,51.65206,43.0
Türkiye,2004-05-01,,41.27,53.13554,43.0
Türkiye,2004-06-01,,41.21,52.59609,38.0
Türkiye,2004-07-01,,41.41,53.40526,38.0
Türkiye,2004-08-01,,41.73,53.00068,38.0
Türkiye,2004-09-01,,42.12,51.92178,38.0
Türkiye,2004-10-01,,43.07,50.16858,38.0
Türkiye,2004-11-01,,43.63,50.4383,38.0
Türkiye,2004-12-01,,43.89,51.38233,38.0
Türkiye,2005-01-01,9.3,44.0,59.74376,32.0
Türkiye,2005-02-01,9.1,44.09,57.31625,32.0
Türkiye,2005-03-01,9.3,44.25,56.50708,32.0
Türkiye,2005-04-01,9.5,44.43,57.18139,32.0
Türkiye,2005-05-01,9.7,44.97,57.72084,28.0
Türkiye,2005-06-01,9.6,44.91,57.58598,28.0
Türkiye,2005-07-01,9.5,44.6,58.79973,28.0
Türkiye,2005-08-01,9.4,44.94,59.74376,28.0
Türkiye,2005-09-01,9.6,45.48,60.41807,28.0
Türkiye,2005-10-01,9.7,46.29,61.49697,28.0
Türkiye,2005-11-01,9.7,46.85,61.63183,28.0
Türkiye,2005-12-01,9.7,47.0,61.09238,23.0
Türkiye,2006-01-01,9.6,47.35,61.49697,23.0
Türkiye,2006-02-01,9.6,47.45,62.03641,23.0
Türkiye,2006-03-01,9.3,47.58,63.51989,23.0
Türkiye,2006-04-01,9.3,48.22,62.98045,23.0
Türkiye,2006-05-01,8.8,49.13,63.65475,23.0
Türkiye,2006-06-01,9.0,49.29,63.92448,23.0
Türkiye,2006-07-01,9.0,49.71,63.78962,23.0
Türkiye,2006-08-01,9.0,49.49,63.65475,23.0
Türkiye,2006-09-01,8.8,50.13,63.65475,23.0
Türkiye,2006-10-01,8.7,50.76,64.05934,23.0
Türkiye,2006-11-01,8.7,51.42,63.78962,23.0
Türkiye,2006-12-01,8.9,51.54,66.08227,27.0
Türkiye,2007-01-01,8.8,52.05,68.7795,27.0
Türkiye,2007-02-01,9.0,52.27,67.16116,27.0
Türkiye,2007-03-01,8.9,52.75,68.37492,27.0
Türkiye,2007-04-01,9.2,53.39,68.64464,27.0
Türkiye,2007-05-01,9.2,53.66,69.8584,27.0
Türkiye,2007-06-01,9.2,53.53,68.37492,27.0
Türkiye,2007-07-01,9.1,53.14,67.97033,27.0
Türkiye,2007-08-01,9.2,53.15,69.04922,27.0
Türkiye,2007-09-01,9.3,53.7,69.58867,27.0
Türkiye,2007-10-01,9.5,54.67,69.04922,27.0
Türkiye,2007-11-01,9.4,55.74,69.31895,27.0
Türkiye,2007-12-01,9.3,55.86,71.20702,25.0
Türkiye,2008-01-01,9.3,56.31,70.26298,25.0
Türkiye,2008-02-01,9.5,57.03,71.6116,25.0
Türkiye,2008-03-01,9.4,57.58,71.6116,25.0
Türkiye,2008-04-01,9.2,58.55,70.66756,25.0
Türkiye,2008-05-01,9.2,59.43,70.39784,25.0
Türkiye,2008-06-01,9.6,59.21,70.80243,25.0
Türkiye,2008-07-01,9.9,59.55,69.31895,25.0
Türkiye,2008-08-01,9.8,59.41,68.37492,25.0
Türkiye,2008-09-01,10.2,59.67,68.24005,25.0
Türkiye,2008-10-01,10.6,61.23,64.73365,25.0
Türkiye,2008-11-01,11.5,61.74,62.30614,25.0
Türkiye,2008-12-01,12.0,61.48,60.68779,25.0
Türkiye,2009-01-01,12.6,61.66,56.50708,25.0
Türkiye,2009-02-01,13.0,61.45,57.72084,25.0
Türkiye,2009-03-01,13.7,62.12,57.04653,25.0
Türkiye,2009-04-01,14.0,62.14,57.99056,19.0
Türkiye,2009-05-01,13.8,62.53,59.87862,19.0
Türkiye,2009-06-01,13.4,62.61,61.63183,18.0
Türkiye,2009-07-01,13.1,62.76,62.71072,18.0
Türkiye,2009-08-01,13.2,62.58,61.90155,18.0
Türkiye,2009-09-01,12.9,62.83,62.57586,18.0
Türkiye,2009-10-01,12.5,64.34,63.78962,18.0
Türkiye,2009-11-01,12.2,65.15,66.48685,18.0
Türkiye,2009-12-01,12.0,65.5,63.65475,15.0
Türkiye,2010-01-01,12.2,66.71,63.11531,15.0
Türkiye,2010-02-01,12.0,67.67,64.59879,15.0
Türkiye,2010-03-01,12.0,68.07,65.81255,15.0
Türkiye,2010-04-01,11.5,68.47,66.48685,15.0
Türkiye,2010-05-01,11.2,68.23,68.24005,15.0
Türkiye,2010-06-01,10.9,67.85,68.64464,15.0
Türkiye,2010-07-01,10.7,67.52,69.18409,15.0
Türkiye,2010-08-01,11.0,67.79,70.80243,15.0
Türkiye,2010-09-01,10.9,68.63,70.93729,15.0
Türkiye,2010-10-01,10.7,69.88,71.74646,15.0
Türkiye,2010-11-01,10.2,69.9,73.90425,15.0
Türkiye,2010-12-01,10.1,69.69,75.118,14.0
Türkiye,2011-01-01,9.9,69.97,78.35468,14.0
Türkiye,2011-02-01,9.6,70.49,77.14093,14.0
Türkiye,2011-03-01,9.5,70.78,76.87121,14.0
Türkiye,2011-04-01,9.5,71.39,76.73634,14.0
Türkiye,2011-05-01,9.6,73.12,77.54552,14.0
Türkiye,2011-06-01,9.5,72.07,79.02899,14.0
Türkiye,2011-07-01,9.2,71.78,80.51247,14.0
Türkiye,2011-08-01,8.8,72.3,82.93999,14.0
Türkiye,2011-09-01,8.4,72.85,78.48955,14.0
Türkiye,2011-10-01,8.5,75.23,82.93999,14.0
Türkiye,2011-11-01,8.4,76.53,82.26568,14.0
Türkiye,2011-12-01,8.5,76.97,82.26568,17.0
Türkiye,2012-01-01,8.4,77.42,81.32165,17.0
Türkiye,2012-02-01,8.6,77.89,80.24275,17.0
Türkiye,2012-03-01,8.6,78.2,81.99596,17.0
Türkiye,2012-04-01,8.5,79.45,82.93999,17.0
Türkiye,2012-05-01,8.3,79.28,83.20971,17.0
Türkiye,2012-06-01,8.0,78.56,82.67027,16.0
Türkiye,2012-07-01,8.1,78.39,83.47943,16.0
Türkiye,2012-08-01,8.2,78.77,82.26568,16.0
Türkiye,2012-09-01,8.4,79.51,84.15374,16.0
Türkiye,2012-10-01,8.4,81.15,84.2886,16.0
Türkiye,2012-11-01,8.6,81.37,83.07485,16.0
Türkiye,2012-12-01,8.8,81.69,84.2886,13.5
Türkiye,2013-01-01,8.8,83.15,84.69319,13.5
Türkiye,2013-02-01,8.8,83.48,86.4464,13.5
Türkiye,2013-03-01,9.0,84.07,86.31153,13.5
Türkiye,2013-04-01,9.1,84.23,86.98584,13.5
Türkiye,2013-05-01,9.0,84.3,87.1207,13.5
Türkiye,2013-06-01,8.9,84.88,89.81794,9.5
Türkiye,2013-07-01,9.1,85.13,89.27849,9.5
Türkiye,2013-08-01,9.2,85.08,86.85098,9.5
Türkiye,2013-09-01,9.3,85.78,91.84087,9.5
Türkiye,2013-10-01,9.1,87.4,90.89683,9.5
Türkiye,2013-11-01,9.2,87.34,91.43628,9.5
Türkiye,2013-12-01,9.1,87.77,91.03169,10.25
Türkiye,2014-01-01,9.2,89.66,94.40324,10.25
Türkiye,2014-02-01,9.5,90.1,93.59406,10.25
Türkiye,2014-03-01,9.5,91.18,93.59406,10.25
Türkiye,2014-04-01,9.7,92.12,92.7849,10.25
Türkiye,2014-05-01,9.7,92.26,91.57114,10.25
Türkiye,2014-06-01,9.7,92.7,93.45921,10.25
Türkiye,2014-07-01,9.9,93.17,95.75185,10.25
Türkiye,2014-08-01,10.2,93.45,91.03169,10.25
Türkiye,2014-09-01,10.1,93.48,95.21241,10.25
Türkiye,2014-10-01,10.4,95.28,94.13351,10.25
Türkiye,2014-11-01,10.5,95.36,94.80782,10.25
Türkiye,2014-12-01,10.3,94.98,94.80782,9.0
Türkiye,2015-01-01,10.5,96.12,94.40324,9.0
Türkiye,2015-02-01,10.7,96.96,94.40324,9.0
Türkiye,2015-03-01,10.5,98.13,98.17937,9.0
Türkiye,2015-04-01,10.5,99.43,98.58395,9.0
Türkiye,2015-05-01,10.2,99.92,98.58395,9.0
Türkiye,2015-06-01,10.2,99.75,99.52798,9.0
Türkiye,2015-07-01,10.1,99.77,98.85368,9.0
Türkiye,2015-08-01,10.1,100.06,101.8206,9.0
Türkiye,2015-09-01,10.2,100.87,101.8206,9.0
Türkiye,2015-10-01,10.2,102.6,99.39312,9.0
Türkiye,2015-11-01,10.2,103.08,101.6858,9.0
Türkiye,2015-12-01,10.4,103.31,102.4949,9.0
Türkiye,2016-01-01,10.2,105.35,101.6858,9.0
Türkiye,2016-02-01,10.1,105.35,102.7647,9.0
Türkiye,2016-03-01,10.2,105.31,101.6858,9.0
Türkiye,2016-04-01,10.1,105.99,101.9555,9.0
Türkiye,2016-05-01,10.3,106.47,103.5738,9.0
Türkiye,2016-06-01,10.7,106.76,103.1693,9.0
Türkiye,2016-07-01,11.1,108.09,96.83075,9.0
Türkiye,2016-08-01,11.1,107.96,104.1133,9.0
Türkiye,2016-09-01,11.6,108.26,101.1463,9.0
Türkiye,2016-10-01,11.5,109.94,105.5968,9.0
Türkiye,2016-11-01,11.6,110.28,104.7876,9.0
Türkiye,2016-12-01,12.1,112.11,104.1133,8.75
Türkiye,2017-01-01,12.0,114.87,104.9225,8.75
Türkiye,2017-02-01,11.9,115.8,106.6757,8.75
Türkiye,2017-03-01,11.9,116.98,108.0243,8.75
Türkiye,2017-04-01,11.6,118.51,110.9912,8.75
Türkiye,2017-05-01,11.1,119.04,109.6426,8.75
Türkiye,2017-06-01,11.0,118.72,110.1821,8.75
Türkiye,2017-07-01,10.6,118.89,110.0472,8.75
Türkiye,2017-08-01,10.5,119.51,113.4187,8.75
Türkiye,2017-09-01,10.3,120.29,114.9022,8.75
Türkiye,2017-10-01,10.3,122.79,115.3068,8.75
Türkiye,2017-11-01,10.1,124.62,115.9811,8.75
Türkiye,2017-12-01,9.9,125.48,119.0829,8.75
Türkiye,2018-01-01,9.8,126.76,116.7903,8.75
Türkiye,2018-02-01,10.0,127.69,115.9811,8.75
Türkiye,2018-03-01,10.0,128.96,116.116,8.75
Türkiye,2018-04-01,10.2,131.37,117.5995,8.75
Türkiye,2018-05-01,10.6,133.5,115.8463,8.75
Türkiye,2018-06-01,10.7,136.99,112.4747,18.5
Türkiye,2018-07-01,10.8,137.74,115.3068,18.5
Türkiye,2018-08-01,11.2,140.91,114.9022,18.5
Türkiye,2018-09-01,11.5,149.79,111.261,18.5
Türkiye,2018-10-01,11.6,153.79,108.9683,18.5
Türkiye,2018-11-01,12.2,151.57,108.6986,18.5
Türkiye,2018-12-01,12.7,150.96,106.9454,18.5
Türkiye,2019-01-01,13.6,152.57,108.8334,18.5
Türkiye,2019-02-01,13.8,152.81,110.0472,18.5
Türkiye,2019-03-01,13.9,154.39,113.4187,18.5
Türkiye,2019-04-01,13.8,157.0,112.7444,18.5
Türkiye,2019-05-01,13.7,158.49,113.6885,18.5
Türkiye,2019-06-01,13.7,158.53,108.8334,18.5
Türkiye,2019-07-01,13.9,160.68,113.8233,18.5
Türkiye,2019-08-01,14.1,162.07,110.7215,18.5
Türkiye,2019-09-01,14.1,163.67,114.9022,18.5
Türkiye,2019-10-01,13.5,166.95,113.2839,17.25
Türkiye,2019-11-01,13.3,167.59,114.0931,17.25
Türkiye,2019-12-01,13.4,168.83,116.3857,12.75
Türkiye,2020-01-01,13.0,171.11,115.9811,12.75
Türkiye,2020-02-01,12.6,171.71,119.0829,12.75
Türkiye,2020-03-01,13.0,172.7,111.8004,12.75
Türkiye,2020-04-01,13.5,174.17,79.02899,12.75
Türkiye,2020-05-01,13.6,176.54,93.72893,12.75
Türkiye,2020-06-01,13.7,178.54,108.4289,9.0
Türkiye,2020-07-01,14.1,179.59,120.2967,9.0
Türkiye,2020-08-01,12.9,181.13,122.1848,9.0
Türkiye,2020-09-01,12.6,182.9,124.7471,9.0
Türkiye,2020-10-01,13.1,186.8,125.0169,9.0
Türkiye,2020-11-01,13.0,191.09,126.6352,9.0
Türkiye,2020-12-01,12.6,193.48,127.3095,15.75
Türkiye,2021-01-01,,,,15.75
Türkiye,2021-02-01,,,,15.75
Türkiye,2021-03-01,,,,15.75
Türkiye,2021-04-01,,,,15.75
Türkiye,2021-05-01,,,,15.75
Türkiye,2021-06-01,,,,15.75
Türkiye,2021-07-01,,,,15.75
Türkiye,2021-08-01,,,,15.75
Türkiye,2021-09-01,,,,15.75
Türkiye,2021-10-01,,,,15.75
Türkiye,2021-11-01,,,,15.75
Türkiye,2021-12-01,,,,15.75
Türkiye,2022-01-01,,,,14.75
Türkiye,2022-02-01,,,,14.75
Türkiye,2022-03-01,,,,14.75
Türkiye,2022-04-01,,,,14.75
Türkiye,2022-05-01,,,,14.75
Türkiye,2022-06-01,,,,14.75
Türkiye,2022-07-01,,,,14.75
Türkiye,2022-08-01,,,,14.75
Türkiye,2022-09-01,,,,14.75
Türkiye,2022-10-01,,,,14.75
Türkiye,2022-11-01,,,,14.75
Türkiye,2022-12-01,,,,9.75
Türkiye,2023-01-01,,,,9.75
Türkiye,2023-02-01,,,,9.75
Türkiye,2023-03-01,,,,9.75
Türkiye,2023-04-01,,,,9.75
Türkiye,2023-05-01,,,,15.75
Türkiye,2023-06-01,,,,15.75
Türkiye,2023-07-01,,,,15.75
Türkiye,2023-08-01,,,,15.75
Türkiye,2023-09-01,,,,30.75
Türkiye,2023-10-01,,,,30.75
Türkiye,2023-11-01,,,,35.75
Türkiye,2023-12-01,,,,43.25
Türkiye,2024-01-01,,,,43.25
Türkiye,2024-02-01,,,,43.25
Türkiye,2024-03-01,,,,43.25
Türkiye,2024-04-01,,,,50.75
Türkiye,2024-05-01,,,,50.75
Türkiye,2024-06-01,,,,50.75
Türkiye,2024-07-01,,,,50.75
Türkiye,2024-08-01,,,,50.75
Türkiye,2024-09-01,,,,50.75
Türkiye,2024-10-01,,,,50.75
Türkiye,2024-11-01,,,,50.75
Türkiye,2024-12-01,,,,48.25
Türkiye,2025-01-01,,,,48.25
Türkiye,2025-02-01,,,,48.25
Türkiye,2025-03-01,,,,43.25
Türkiye,2025-04-01,,,,43.25
Türkiye,2025-05-01,,,,43.25
Türkiye,2025-06-01,,,,43.25
Türkiye,2025-07-01,,,,43.25
Türkiye,2025-08-01,,,,43.25
Türkiye,2025-09-01,,,,41.25
Türkiye,2025-10-01,,,,41.25
Türkiye,2025-11-01,,,,41.25
Türkiye,2025-12-01,,,,38.75
Türkiye,2026-01-01,,,,38.75
